customer_id,customer_1_name,sales_territory_emp_id,sales_territory_emp_name,sales_territory_id,sales_territory_name,customer_latitude,customer_longitude,sales_district_emp_name,sales_district_emp_id,sales_region_emp_name,sales_region_emp_id,sales_region_id,sales_division_emp_id,sales_division_emp_name
133600019,WEST TEXAS ROADHOUSE,1161026,SHANNON HOWLEY,4059,Shannon Howley,40.077013,-80.868587,DAN SCHER,1003808,BILL HENDERSON,1004626,4209,1002752,DANA GREEN
722328329,Kodiax,1139082,DAN GAGE,4006,Dan Gage,40.12037,-79.88556,DAN SCHER,1003808,BILL HENDERSON,1004626,4209,1002752,DANA GREEN
996190001,GALLEY (THE),1002320,JASON BAUER,3942,Jason Bauer,39.413733,-81.453069,CJ MORRIS,1151728,BILL HENDERSON,1004626,4209,1002752,DANA GREEN
722354486,Carnegie Coffee Company,1001993,ANDY SMITH,4058,Andy Smith,40.407846,-80.085996,DAN SCHER,1003808,BILL HENDERSON,1004626,4209,1002752,DANA GREEN
722569936,Park Social,1001993,ANDY SMITH,4058,Andy Smith,40.293539,-79.995821,DAN SCHER,1003808,BILL HENDERSON,1004626,4209,1002752,DANA GREEN
722582217,The Pittsburgh Bottleshop,1152891,LEANDRA JONES,4331,Leandra Jones,40.382305,-80.094119,DAN SCHER,1003808,BILL HENDERSON,1004626,4209,1002752,DANA GREEN
100016216,FLIEHMAN CONCESSION,1003551,DAVE JENKINS,4191,Dave Jenkins,39.600301,-82.944009,CJ MORRIS,1151728,BILL HENDERSON,1004626,4209,1002752,DANA GREEN
722357016,Kobe Asian Fusion,1009205,BRIAN MARSHALL,4199,Brian Marshall,38.032961,-81.120205,CJ MORRIS,1151728,BILL HENDERSON,1004626,4209,1002752,DANA GREEN
722556085,Armory Smokehouse,1003551,DAVE JENKINS,4191,Dave Jenkins,38.537098,-82.677841,CJ MORRIS,1151728,BILL HENDERSON,1004626,4209,1002752,DANA GREEN
100225060,BRIDGESIDE MARKET (THE),1152307,KRISTEN STEWART,4054,Kristen Stewart,40.535396,-80.183766,BILLY BLATT,1128843,BILL HENDERSON,1004626,4209,1002752,DANA GREEN
722556694,Patties & Pints Portsmouth,1003551,DAVE JENKINS,4191,Dave Jenkins,38.731565,-83.001488,CJ MORRIS,1151728,BILL HENDERSON,1004626,4209,1002752,DANA GREEN
100062350,WIGGY'S RESTAURANTE,1001993,ANDY SMITH,4058,Andy Smith,40.427534,-80.054504,DAN SCHER,1003808,BILL HENDERSON,1004626,4209,1002752,DANA GREEN
722624180,Wigle Northshore,1001993,ANDY SMITH,4058,Andy Smith,40.447629,-80.004118,DAN SCHER,1003808,BILL HENDERSON,1004626,4209,1002752,DANA GREEN
722602370,Sonny Boy,1161026,SHANNON HOWLEY,4059,Shannon Howley,40.070605,-80.761454,DAN SCHER,1003808,BILL HENDERSON,1004626,4209,1002752,DANA GREEN
722496931,Foggy Mountain Lodge & Rest219913E,1154783,ANGEL IVOCK,4483,Angel Ivock,40.165837,-79.349122,BILLY BLATT,1128843,BILL HENDERSON,1004626,4209,1002752,DANA GREEN
722623018,Pizza By Marchelloni,1139233,TOM MICCO,4051,Tom Micco,40.999848,-80.353906,BILLY BLATT,1128843,BILL HENDERSON,1004626,4209,1002752,DANA GREEN
722506862,Nakama,1148746,JEREMY NEIDERHISER,4052,Jeremy Neiderhiser,40.428891,-79.982611,BILLY BLATT,1128843,BILL HENDERSON,1004626,4209,1002752,DANA GREEN
128250001,LOT 17,1148746,JEREMY NEIDERHISER,4052,Jeremy Neiderhiser,40.462469,-79.950425,BILLY BLATT,1128843,BILL HENDERSON,1004626,4209,1002752,DANA GREEN
278170012,Parkersburg Country Club,1002320,JASON BAUER,3942,Jason Bauer,39.342304,-81.544629,CJ MORRIS,1151728,BILL HENDERSON,1004626,4209,1002752,DANA GREEN
722398309,TAP THAT,1144442,BRIAN MERWIN,4213,Brian Merwin,40.348145,-80.155373,DAN SCHER,1003808,BILL HENDERSON,1004626,4209,1002752,DANA GREEN
100223287,ROCKEFELLER'S GRILLE,1001993,ANDY SMITH,4058,Andy Smith,40.469155,-80.097278,DAN SCHER,1003808,BILL HENDERSON,1004626,4209,1002752,DANA GREEN
722489327,Latrobe 30 Theatre & Cafe,1154783,ANGEL IVOCK,4483,Angel Ivock,40.286079,-79.384704,BILLY BLATT,1128843,BILL HENDERSON,1004626,4209,1002752,DANA GREEN
100133575,FRATELLI'S ITALIAN RESTAURANT,1012245,TOM HERN,4195,Tom Hern,38.412962,-82.30987,CJ MORRIS,1151728,BILL HENDERSON,1004626,4209,1002752,DANA GREEN
526150015,RINKY DINKS RESTAURANT,1002320,JASON BAUER,3942,Jason Bauer,39.419032,-81.464584,CJ MORRIS,1151728,BILL HENDERSON,1004626,4209,1002752,DANA GREEN
722556697,Patties & Pints Ironton,1003551,DAVE JENKINS,4191,Dave Jenkins,38.532098,-82.683774,CJ MORRIS,1151728,BILL HENDERSON,1004626,4209,1002752,DANA GREEN
722602783,Burnies Deli On Main,1152307,KRISTEN STEWART,4054,Kristen Stewart,40.606614,-80.272315,BILLY BLATT,1128843,BILL HENDERSON,1004626,4209,1002752,DANA GREEN
722505321,Oddballs,1001993,ANDY SMITH,4058,Andy Smith,40.42889,-79.98324,DAN SCHER,1003808,BILL HENDERSON,1004626,4209,1002752,DANA GREEN
910640001,BROWNSVILLE DRIVE INN,1139082,DAN GAGE,4006,Dan Gage,39.997321,-79.855232,DAN SCHER,1003808,BILL HENDERSON,1004626,4209,1002752,DANA GREEN
722609241,WV Polo Club,1002320,JASON BAUER,3942,Jason Bauer,39.260567,-81.547361,CJ MORRIS,1151728,BILL HENDERSON,1004626,4209,1002752,DANA GREEN
421050001,SPEERS STREET GRILL,1139082,DAN GAGE,4006,Dan Gage,40.125621,-79.879362,DAN SCHER,1003808,BILL HENDERSON,1004626,4209,1002752,DANA GREEN
722549544,Kellys Side Door Tavern,1139233,TOM MICCO,4051,Tom Micco,40.988418,-80.315015,BILLY BLATT,1128843,BILL HENDERSON,1004626,4209,1002752,DANA GREEN
100116252,MURRAY'S RESTAURANT,1161026,SHANNON HOWLEY,4059,Shannon Howley,40.376156,-80.717142,DAN SCHER,1003808,BILL HENDERSON,1004626,4209,1002752,DANA GREEN
722647323,Butcher Block,1002320,JASON BAUER,3942,Jason Bauer,38.92166,-81.81181,CJ MORRIS,1151728,BILL HENDERSON,1004626,4209,1002752,DANA GREEN
100147008,Chartiers Country Club,1001993,ANDY SMITH,4058,Andy Smith,40.43508,-80.091113,DAN SCHER,1003808,BILL HENDERSON,1004626,4209,1002752,DANA GREEN
100153400,URBAN TAP - SHADYSIDE (THE),1148746,JEREMY NEIDERHISER,4052,Jeremy Neiderhiser,40.45827,-79.925197,BILLY BLATT,1128843,BILL HENDERSON,1004626,4209,1002752,DANA GREEN
722506022,Great Expectations Child Care & ELC,1154783,ANGEL IVOCK,4483,Angel Ivock,40.4403,-79.240424,BILLY BLATT,1128843,BILL HENDERSON,1004626,4209,1002752,DANA GREEN
722482136,BB & Bur Pastry Kitchen & Bakery,1132417,MIKE PERRUCCI,4214,Mike Perrucci,40.444111,-79.892075,BILLY BLATT,1128843,BILL HENDERSON,1004626,4209,1002752,DANA GREEN
100053358,NIKIS QUICK SIX #2,1132417,MIKE PERRUCCI,4214,Mike Perrucci,40.607474,-79.559144,BILLY BLATT,1128843,BILL HENDERSON,1004626,4209,1002752,DANA GREEN
100259337,APOLLO CAFE (THE),1148746,JEREMY NEIDERHISER,4052,Jeremy Neiderhiser,40.439009,-79.997954,BILLY BLATT,1128843,BILL HENDERSON,1004626,4209,1002752,DANA GREEN
100197305,GRAND CHINA BUFFET SUSHI & GRILL,1005492,JOSH GEE,4007,Josh Gee,39.264746,-80.287612,DAN SCHER,1003808,BILL HENDERSON,1004626,4209,1002752,DANA GREEN
100187121,STEVIES DARI MART,1152307,KRISTEN STEWART,4054,Kristen Stewart,40.615753,-80.258638,BILLY BLATT,1128843,BILL HENDERSON,1004626,4209,1002752,DANA GREEN
722523248,Local Provisions,1156224,AMANDA HILL,4671,Amanda Hill,40.487654,-79.882535,BILLY BLATT,1128843,BILL HENDERSON,1004626,4209,1002752,DANA GREEN
100054183,ABRUZZINO'S ITALIAN BAKERY,1005492,JOSH GEE,4007,Josh Gee,39.368449,-80.31276,DAN SCHER,1003808,BILL HENDERSON,1004626,4209,1002752,DANA GREEN
722340658,Fuel Counter-Barboursville,1012245,TOM HERN,4195,Tom Hern,38.412962,-82.30987,CJ MORRIS,1151728,BILL HENDERSON,1004626,4209,1002752,DANA GREEN
196450002,Oliverios Bridgeport,1005492,JOSH GEE,4007,Josh Gee,39.28919,-80.242175,DAN SCHER,1003808,BILL HENDERSON,1004626,4209,1002752,DANA GREEN
100113316,FAIRVIEW SUNSET ROOM,1152891,LEANDRA JONES,4331,Leandra Jones,40.339181,-80.126493,DAN SCHER,1003808,BILL HENDERSON,1004626,4209,1002752,DANA GREEN
100155018,KATIMALI'S,1012245,TOM HERN,4195,Tom Hern,38.43879,-82.385693,CJ MORRIS,1151728,BILL HENDERSON,1004626,4209,1002752,DANA GREEN
100171986,MARIO'S FISHBOWL- SUNCREST,1144442,BRIAN MERWIN,4213,Brian Merwin,39.654332,-79.970616,DAN SCHER,1003808,BILL HENDERSON,1004626,4209,1002752,DANA GREEN
367050002,SUPER CHINA BUFFET,1012245,TOM HERN,4195,Tom Hern,38.485193,-82.650234,CJ MORRIS,1151728,BILL HENDERSON,1004626,4209,1002752,DANA GREEN
722543386,Madison Hospitality Company,1001993,ANDY SMITH,4058,Andy Smith,40.437259,-79.998633,DAN SCHER,1003808,BILL HENDERSON,1004626,4209,1002752,DANA GREEN
563150002,GATEWAY GRILL,1132417,MIKE PERRUCCI,4214,Mike Perrucci,40.433888,-79.75552,BILLY BLATT,1128843,BILL HENDERSON,1004626,4209,1002752,DANA GREEN
100059231,BECCARIS FARM MARKET,1144442,BRIAN MERWIN,4213,Brian Merwin,40.37396,-80.133134,DAN SCHER,1003808,BILL HENDERSON,1004626,4209,1002752,DANA GREEN
100067901,LAZY H FARM,1002320,JASON BAUER,3942,Jason Bauer,39.424435,-81.627008,CJ MORRIS,1151728,BILL HENDERSON,1004626,4209,1002752,DANA GREEN
732720002,SONNY'S GRILL,1139082,DAN GAGE,4006,Dan Gage,40.135306,-79.842836,DAN SCHER,1003808,BILL HENDERSON,1004626,4209,1002752,DANA GREEN
722493736,The Zone Bar and Grill,1012245,TOM HERN,4195,Tom Hern,38.420604,-81.789108,CJ MORRIS,1151728,BILL HENDERSON,1004626,4209,1002752,DANA GREEN
100226373,BELKNAP DOUGH COMPANY,1012245,TOM HERN,4195,Tom Hern,38.500318,-81.838014,CJ MORRIS,1151728,BILL HENDERSON,1004626,4209,1002752,DANA GREEN
722489896,The Pizza Station,1002320,JASON BAUER,3942,Jason Bauer,39.388994,-81.207128,CJ MORRIS,1151728,BILL HENDERSON,1004626,4209,1002752,DANA GREEN
722603392,Gyro King,1012245,TOM HERN,4195,Tom Hern,38.421601,-82.445803,CJ MORRIS,1151728,BILL HENDERSON,1004626,4209,1002752,DANA GREEN
100212166,WU'S CHINA BUFFET,1144127,AARON SIMMONS,4187,Aaron Simmons,38.312838,-81.566946,CJ MORRIS,1151728,BILL HENDERSON,1004626,4209,1002752,DANA GREEN
100021771,FIFTH AVENUE FOOD MARKET,1148746,JEREMY NEIDERHISER,4052,Jeremy Neiderhiser,40.438444,-79.981813,BILLY BLATT,1128843,BILL HENDERSON,1004626,4209,1002752,DANA GREEN
722522805,The Grind,1144127,AARON SIMMONS,4187,Aaron Simmons,38.818956,-81.711725,CJ MORRIS,1151728,BILL HENDERSON,1004626,4209,1002752,DANA GREEN
105780028,HILLBILLY HOTDOGS,1012245,TOM HERN,4195,Tom Hern,38.5047,-82.298301,CJ MORRIS,1151728,BILL HENDERSON,1004626,4209,1002752,DANA GREEN
722385517,1010 Bridge Restaurant,1144127,AARON SIMMONS,4187,Aaron Simmons,38.340594,-81.642728,CJ MORRIS,1151728,BILL HENDERSON,1004626,4209,1002752,DANA GREEN
722584225,Newellstown Diner,1161026,SHANNON HOWLEY,4059,Shannon Howley,40.080286,-80.90209,DAN SCHER,1003808,BILL HENDERSON,1004626,4209,1002752,DANA GREEN
177090001,ANGELA'S CATERING,1012245,TOM HERN,4195,Tom Hern,38.386468,-81.83964,CJ MORRIS,1151728,BILL HENDERSON,1004626,4209,1002752,DANA GREEN
722568403,OGillies,1139082,DAN GAGE,4006,Dan Gage,39.908534,-79.716381,DAN SCHER,1003808,BILL HENDERSON,1004626,4209,1002752,DANA GREEN
609870001,WHEELHOUSE,1144127,AARON SIMMONS,4187,Aaron Simmons,38.340869,-81.642712,CJ MORRIS,1151728,BILL HENDERSON,1004626,4209,1002752,DANA GREEN
722354812,Le Bistro,1012245,TOM HERN,4195,Tom Hern,38.421914,-82.444056,CJ MORRIS,1151728,BILL HENDERSON,1004626,4209,1002752,DANA GREEN
100164294,GRAND CHINA BUFFET,1144442,BRIAN MERWIN,4213,Brian Merwin,40.186379,-80.24028,DAN SCHER,1003808,BILL HENDERSON,1004626,4209,1002752,DANA GREEN
100118249,WV MEATS LLC,1012245,TOM HERN,4195,Tom Hern,38.432196,-81.763652,CJ MORRIS,1151728,BILL HENDERSON,1004626,4209,1002752,DANA GREEN
722623607,Summit Bechtel Reserve,1009205,BRIAN MARSHALL,4199,Brian Marshall,37.915052,-81.123868,CJ MORRIS,1151728,BILL HENDERSON,1004626,4209,1002752,DANA GREEN
722356067,Annie's Coffee & Creamery,1005492,JOSH GEE,4007,Josh Gee,39.652948,-79.891086,DAN SCHER,1003808,BILL HENDERSON,1004626,4209,1002752,DANA GREEN
100030369,RIVER FRONT BAR & GRILLE,1002320,JASON BAUER,3942,Jason Bauer,39.410673,-81.452165,CJ MORRIS,1151728,BILL HENDERSON,1004626,4209,1002752,DANA GREEN
722632504,Undo's Restaurant & Catering,1161026,SHANNON HOWLEY,4059,Shannon Howley,40.014921,-80.735501,DAN SCHER,1003808,BILL HENDERSON,1004626,4209,1002752,DANA GREEN
100131978,CAO SENIOR NUTRITION KITCHEN,1003551,DAVE JENKINS,4191,Dave Jenkins,38.731993,-83.003068,CJ MORRIS,1151728,BILL HENDERSON,1004626,4209,1002752,DANA GREEN
100034920,TRADITIONS,1002320,JASON BAUER,3942,Jason Bauer,39.762441,-81.116143,CJ MORRIS,1151728,BILL HENDERSON,1004626,4209,1002752,DANA GREEN
100121765,HARBOR INN,1154783,ANGEL IVOCK,4483,Angel Ivock,40.201365,-79.338586,BILLY BLATT,1128843,BILL HENDERSON,1004626,4209,1002752,DANA GREEN
722647873,The Brew Pub MorganTown,1005492,JOSH GEE,4007,Josh Gee,39.630585,-79.957726,DAN SCHER,1003808,BILL HENDERSON,1004626,4209,1002752,DANA GREEN
100122463,BEST WESTERN PLUS,1005492,JOSH GEE,4007,Josh Gee,39.28223,-80.277642,DAN SCHER,1003808,BILL HENDERSON,1004626,4209,1002752,DANA GREEN
814710001,GAMPPS BP,1003551,DAVE JENKINS,4191,Dave Jenkins,38.766437,-82.842411,CJ MORRIS,1151728,BILL HENDERSON,1004626,4209,1002752,DANA GREEN
722592264,Perked Up Cafe,1139082,DAN GAGE,4006,Dan Gage,40.275609,-80.167953,DAN SCHER,1003808,BILL HENDERSON,1004626,4209,1002752,DANA GREEN
722611149,Fix Me A Plate,1132417,MIKE PERRUCCI,4214,Mike Perrucci,40.425325,-79.834603,BILLY BLATT,1128843,BILL HENDERSON,1004626,4209,1002752,DANA GREEN
100115294,RACHEL'S ROADHOUSE - MERCER,1139233,TOM MICCO,4051,Tom Micco,41.153204,-80.224419,BILLY BLATT,1128843,BILL HENDERSON,1004626,4209,1002752,DANA GREEN
722616670,Comfort Inn,1012245,TOM HERN,4195,Tom Hern,38.39543,-82.412737,CJ MORRIS,1151728,BILL HENDERSON,1004626,4209,1002752,DANA GREEN
722370584,Randall's Restaurant,1139082,DAN GAGE,4006,Dan Gage,40.094544,-79.762021,DAN SCHER,1003808,BILL HENDERSON,1004626,4209,1002752,DANA GREEN
722552606,Canyon Pizza,1140956,MICHAEL HUBER,4212,Michael Huber,40.794894,-77.858513,BILLY BLATT,1128843,BILL HENDERSON,1004626,4209,1002752,DANA GREEN
722618796,Comfort Inn & Suites Caldwell,1002320,JASON BAUER,3942,Jason Bauer,39.740385,-81.535404,CJ MORRIS,1151728,BILL HENDERSON,1004626,4209,1002752,DANA GREEN
722372810,Cilantro & Ajo Southside,1148746,JEREMY NEIDERHISER,4052,Jeremy Neiderhiser,40.428738,-79.989709,BILLY BLATT,1128843,BILL HENDERSON,1004626,4209,1002752,DANA GREEN
100049083,SAGA - CRANBERRY,1156224,AMANDA HILL,4671,Amanda Hill,40.674902,-80.098782,BILLY BLATT,1128843,BILL HENDERSON,1004626,4209,1002752,DANA GREEN
462190018,COURT ST GRILL,1127280,TYLER KNECHT,4216,Tyler Knecht,39.02708,-82.033478,CJ MORRIS,1151728,BILL HENDERSON,1004626,4209,1002752,DANA GREEN
722618993,Best Western Caldwell Inn,1002320,JASON BAUER,3942,Jason Bauer,39.737914,-81.526948,CJ MORRIS,1151728,BILL HENDERSON,1004626,4209,1002752,DANA GREEN
722561081,River Roasters Coffee Company,1127280,TYLER KNECHT,4216,Tyler Knecht,39.027043,-82.033495,CJ MORRIS,1151728,BILL HENDERSON,1004626,4209,1002752,DANA GREEN
100251146,TONY'S QUALITY MEATS,1009205,BRIAN MARSHALL,4199,Brian Marshall,37.818211,-81.191613,CJ MORRIS,1151728,BILL HENDERSON,1004626,4209,1002752,DANA GREEN
722503148,Ogawa Japanese Restaurant,1144442,BRIAN MERWIN,4213,Brian Merwin,39.649167,-79.963629,DAN SCHER,1003808,BILL HENDERSON,1004626,4209,1002752,DANA GREEN
100157624,PUB IN THE PARK,1132417,MIKE PERRUCCI,4214,Mike Perrucci,40.42093,-79.898164,BILLY BLATT,1128843,BILL HENDERSON,1004626,4209,1002752,DANA GREEN
100055440,BOONDOCKS BBQ & GRILL,1127280,TYLER KNECHT,4216,Tyler Knecht,39.669906,-81.872001,CJ MORRIS,1151728,BILL HENDERSON,1004626,4209,1002752,DANA GREEN
100115763,Broaddus Hospital,1005492,JOSH GEE,4007,Josh Gee,39.143971,-80.062347,DAN SCHER,1003808,BILL HENDERSON,1004626,4209,1002752,DANA GREEN
722511380,Ellen's Ice Cream,1144127,AARON SIMMONS,4187,Aaron Simmons,38.350447,-81.634275,CJ MORRIS,1151728,BILL HENDERSON,1004626,4209,1002752,DANA GREEN
100140821,BACON BOURBON AND BEER,1144442,BRIAN MERWIN,4213,Brian Merwin,40.21256,-80.193854,DAN SCHER,1003808,BILL HENDERSON,1004626,4209,1002752,DANA GREEN
100246434,BACON BOURBON & BEER MORGANTOWN,1144442,BRIAN MERWIN,4213,Brian Merwin,39.653559,-79.941894,DAN SCHER,1003808,BILL HENDERSON,1004626,4209,1002752,DANA GREEN
100134039,"MINARD'S SPAGHETTI INN, INC.",1005492,JOSH GEE,4007,Josh Gee,39.278743,-80.319524,DAN SCHER,1003808,BILL HENDERSON,1004626,4209,1002752,DANA GREEN
354980045,McClure's PR,1127280,TYLER KNECHT,4216,Tyler Knecht,39.02935,-82.027516,CJ MORRIS,1151728,BILL HENDERSON,1004626,4209,1002752,DANA GREEN
100053461,TUSCANY CUCCINI,1012245,TOM HERN,4195,Tom Hern,38.817549,-82.18523,CJ MORRIS,1151728,BILL HENDERSON,1004626,4209,1002752,DANA GREEN
722351892,OTB Hastings,1001993,ANDY SMITH,4058,Andy Smith,40.331459,-80.113508,DAN SCHER,1003808,BILL HENDERSON,1004626,4209,1002752,DANA GREEN
539820001,VILLAGE CATERING,1003551,DAVE JENKINS,4191,Dave Jenkins,38.74528,-82.947955,CJ MORRIS,1151728,BILL HENDERSON,1004626,4209,1002752,DANA GREEN
722616490,Bruno's Spotted Hare,1012245,TOM HERN,4195,Tom Hern,38.409108,-82.294935,CJ MORRIS,1151728,BILL HENDERSON,1004626,4209,1002752,DANA GREEN
255610001,STRIP DISTRICT MEATS,1148746,JEREMY NEIDERHISER,4052,Jeremy Neiderhiser,40.451846,-79.982996,BILLY BLATT,1128843,BILL HENDERSON,1004626,4209,1002752,DANA GREEN
722616100,Brickside - Pleasant Valley,1005492,JOSH GEE,4007,Josh Gee,39.447978,-80.164842,DAN SCHER,1003808,BILL HENDERSON,1004626,4209,1002752,DANA GREEN
100166272,Sleepy Hollow Golf Club - 325073E,1012245,TOM HERN,4195,Tom Hern,38.45113,-81.969643,CJ MORRIS,1151728,BILL HENDERSON,1004626,4209,1002752,DANA GREEN
722642147,Common Plea - The Chadwick,1148746,JEREMY NEIDERHISER,4052,Jeremy Neiderhiser,40.611315,-80.054053,BILLY BLATT,1128843,BILL HENDERSON,1004626,4209,1002752,DANA GREEN
722412660,MOON ARMSTRONGS,1152891,LEANDRA JONES,4331,Leandra Jones,40.504728,-80.208634,DAN SCHER,1003808,BILL HENDERSON,1004626,4209,1002752,DANA GREEN
722515474,Mizu Steakhouse,1005492,JOSH GEE,4007,Josh Gee,38.978072,-80.2252,DAN SCHER,1003808,BILL HENDERSON,1004626,4209,1002752,DANA GREEN
722372439,JANOSKI FARMS,1152307,KRISTEN STEWART,4054,Kristen Stewart,40.491444,-80.330895,BILLY BLATT,1128843,BILL HENDERSON,1004626,4209,1002752,DANA GREEN
722616006,The Sandwich Shoppee,1001993,ANDY SMITH,4058,Andy Smith,40.452292,-80.015057,DAN SCHER,1003808,BILL HENDERSON,1004626,4209,1002752,DANA GREEN
722637711,China Buffet King,1001993,ANDY SMITH,4058,Andy Smith,40.428614,-80.053424,DAN SCHER,1003808,BILL HENDERSON,1004626,4209,1002752,DANA GREEN
100114610,COURTSIDE BAR & GRILL,1127280,TYLER KNECHT,4216,Tyler Knecht,38.806805,-82.207174,CJ MORRIS,1151728,BILL HENDERSON,1004626,4209,1002752,DANA GREEN
722550076,Hill Billy's Grub N Pub,1154783,ANGEL IVOCK,4483,Angel Ivock,40.107811,-79.381618,BILLY BLATT,1128843,BILL HENDERSON,1004626,4209,1002752,DANA GREEN
555240015,CHINA CHEF,1012245,TOM HERN,4195,Tom Hern,38.450449,-81.935759,CJ MORRIS,1151728,BILL HENDERSON,1004626,4209,1002752,DANA GREEN
722616353,American Fuel,1156224,AMANDA HILL,4671,Amanda Hill,40.834823,-79.626147,BILLY BLATT,1128843,BILL HENDERSON,1004626,4209,1002752,DANA GREEN
100098751,FAIRPLAIN YACHT CLUB,1144127,AARON SIMMONS,4187,Aaron Simmons,38.761831,-81.685941,CJ MORRIS,1151728,BILL HENDERSON,1004626,4209,1002752,DANA GREEN
722608340,Bobs American Store And Cafe,1009205,BRIAN MARSHALL,4199,Brian Marshall,37.708203,-81.098702,CJ MORRIS,1151728,BILL HENDERSON,1004626,4209,1002752,DANA GREEN
722523847,#278 One Twenty Four Mart,1127280,TYLER KNECHT,4216,Tyler Knecht,39.025132,-82.066737,CJ MORRIS,1151728,BILL HENDERSON,1004626,4209,1002752,DANA GREEN
100234124,FUEL COUNTER- HUNTINGTON,1012245,TOM HERN,4195,Tom Hern,38.421387,-82.447547,CJ MORRIS,1151728,BILL HENDERSON,1004626,4209,1002752,DANA GREEN
722532818,O'Neill Center,1002320,JASON BAUER,3942,Jason Bauer,39.417611,-81.452715,CJ MORRIS,1151728,BILL HENDERSON,1004626,4209,1002752,DANA GREEN
661420001,PETE'S HOTDOGS,1144127,AARON SIMMONS,4187,Aaron Simmons,38.815378,-81.709935,CJ MORRIS,1151728,BILL HENDERSON,1004626,4209,1002752,DANA GREEN
722574825,Four Star Pizza,1139233,TOM MICCO,4051,Tom Micco,41.218172,-80.472423,BILLY BLATT,1128843,BILL HENDERSON,1004626,4209,1002752,DANA GREEN
722522022,El Bandido Summersville,1009205,BRIAN MARSHALL,4199,Brian Marshall,38.274756,-80.849358,CJ MORRIS,1151728,BILL HENDERSON,1004626,4209,1002752,DANA GREEN
722523852,#218 Peebles Food Mart,1127280,TYLER KNECHT,4216,Tyler Knecht,38.934158,-83.416539,CJ MORRIS,1151728,BILL HENDERSON,1004626,4209,1002752,DANA GREEN
722648760,740 Social,1002320,JASON BAUER,3942,Jason Bauer,39.41223,-81.453721,CJ MORRIS,1151728,BILL HENDERSON,1004626,4209,1002752,DANA GREEN
176120001,SPARE TIME RECREATION,1003551,DAVE JENKINS,4191,Dave Jenkins,38.517297,-82.671042,CJ MORRIS,1151728,BILL HENDERSON,1004626,4209,1002752,DANA GREEN
722577017,Giacinta's Gelato & Caffe,1161026,SHANNON HOWLEY,4059,Shannon Howley,40.081003,-80.89798,DAN SCHER,1003808,BILL HENDERSON,1004626,4209,1002752,DANA GREEN
722637955,Lemonhead's Brightwood Grille,1152891,LEANDRA JONES,4331,Leandra Jones,40.327476,-80.030306,DAN SCHER,1003808,BILL HENDERSON,1004626,4209,1002752,DANA GREEN
722487344,Gordo's Tacos and Tequila,1001993,ANDY SMITH,4058,Andy Smith,40.431179,-80.006958,DAN SCHER,1003808,BILL HENDERSON,1004626,4209,1002752,DANA GREEN
627000001,Trolley Stop Inn,1152891,LEANDRA JONES,4331,Leandra Jones,40.293257,-80.030747,DAN SCHER,1003808,BILL HENDERSON,1004626,4209,1002752,DANA GREEN
100278729,Mario's 410 Grille,1152307,KRISTEN STEWART,4054,Kristen Stewart,40.697753,-80.294259,BILLY BLATT,1128843,BILL HENDERSON,1004626,4209,1002752,DANA GREEN
722578737,Flo Bros Fire Smoked Pizza,1140956,MICHAEL HUBER,4212,Michael Huber,40.906053,-77.777958,BILLY BLATT,1128843,BILL HENDERSON,1004626,4209,1002752,DANA GREEN
722611674,The Den,1003551,DAVE JENKINS,4191,Dave Jenkins,38.748352,-82.942257,CJ MORRIS,1151728,BILL HENDERSON,1004626,4209,1002752,DANA GREEN
205240012,J P HENRY'S RESTAURANT,1002320,JASON BAUER,3942,Jason Bauer,39.300189,-81.511996,CJ MORRIS,1151728,BILL HENDERSON,1004626,4209,1002752,DANA GREEN
100035430,SPAGNAS,1002320,JASON BAUER,3942,Jason Bauer,39.411418,-81.459679,CJ MORRIS,1151728,BILL HENDERSON,1004626,4209,1002752,DANA GREEN
722555067,The Bull Pen Restaurant & Sports Bar,1140956,MICHAEL HUBER,4212,Michael Huber,40.664818,-78.253114,BILLY BLATT,1128843,BILL HENDERSON,1004626,4209,1002752,DANA GREEN
722501007,Carson Street Deli and Craft Beer Bar,1001993,ANDY SMITH,4058,Andy Smith,40.428891,-79.983144,DAN SCHER,1003808,BILL HENDERSON,1004626,4209,1002752,DANA GREEN
628710001,TORO LOCO OF PORTSMOUTH,1003551,DAVE JENKINS,4191,Dave Jenkins,38.73572,-82.998621,CJ MORRIS,1151728,BILL HENDERSON,1004626,4209,1002752,DANA GREEN
722354910,Central Diner & Grill,1001993,ANDY SMITH,4058,Andy Smith,40.448351,-80.156648,DAN SCHER,1003808,BILL HENDERSON,1004626,4209,1002752,DANA GREEN
722364295,Adams Flying Pig Coffee House,1003551,DAVE JENKINS,4191,Dave Jenkins,38.713556,-82.856231,CJ MORRIS,1151728,BILL HENDERSON,1004626,4209,1002752,DANA GREEN
722413977,FUJI JAPANESE SUSHI STEAK HOUSE,1012245,TOM HERN,4195,Tom Hern,38.474182,-82.648113,CJ MORRIS,1151728,BILL HENDERSON,1004626,4209,1002752,DANA GREEN
100046630,MARIOS WOODFIRED PIZZA,1152307,KRISTEN STEWART,4054,Kristen Stewart,40.695573,-80.304202,BILLY BLATT,1128843,BILL HENDERSON,1004626,4209,1002752,DANA GREEN
722530570,Theo Yianni's,1161026,SHANNON HOWLEY,4059,Shannon Howley,40.396777,-80.533829,DAN SCHER,1003808,BILL HENDERSON,1004626,4209,1002752,DANA GREEN
372080019,MEHLMANS CAFETERIA,1161026,SHANNON HOWLEY,4059,Shannon Howley,40.071966,-80.852054,DAN SCHER,1003808,BILL HENDERSON,1004626,4209,1002752,DANA GREEN
722386858,Swiftwater General Store New River,1009205,BRIAN MARSHALL,4199,Brian Marshall,38.083421,-81.073462,CJ MORRIS,1151728,BILL HENDERSON,1004626,4209,1002752,DANA GREEN
100114701,CHICK'N BUBBLY,1148746,JEREMY NEIDERHISER,4052,Jeremy Neiderhiser,40.442195,-79.957668,BILLY BLATT,1128843,BILL HENDERSON,1004626,4209,1002752,DANA GREEN
722388459,The Washington Brewing Company,1144442,BRIAN MERWIN,4213,Brian Merwin,40.167925,-80.243949,DAN SCHER,1003808,BILL HENDERSON,1004626,4209,1002752,DANA GREEN
100143169,CHATTERBOX TAVERN,1127280,TYLER KNECHT,4216,Tyler Knecht,39.648363,-81.85322,CJ MORRIS,1151728,BILL HENDERSON,1004626,4209,1002752,DANA GREEN
522580002,MARSHALL HALL OF FAME CAFE,1012245,TOM HERN,4195,Tom Hern,38.421778,-82.444875,CJ MORRIS,1151728,BILL HENDERSON,1004626,4209,1002752,DANA GREEN
722615261,Doubletree By Hilton Huntington,1012245,TOM HERN,4195,Tom Hern,38.422221,-82.442375,CJ MORRIS,1151728,BILL HENDERSON,1004626,4209,1002752,DANA GREEN
722554249,River Expeditions,1009205,BRIAN MARSHALL,4199,Brian Marshall,38.012657,-81.120172,CJ MORRIS,1151728,BILL HENDERSON,1004626,4209,1002752,DANA GREEN
722582305,Camden,1127280,TYLER KNECHT,4216,Tyler Knecht,39.227885,-81.517679,CJ MORRIS,1151728,BILL HENDERSON,1004626,4209,1002752,DANA GREEN
100065575,ITALIAN VILLAGE PIZZA - PLEASANT HILLS,1139082,DAN GAGE,4006,Dan Gage,40.32595,-79.956674,DAN SCHER,1003808,BILL HENDERSON,1004626,4209,1002752,DANA GREEN
722401158,RINNIE'S PLACE,1139082,DAN GAGE,4006,Dan Gage,40.107557,-79.770719,DAN SCHER,1003808,BILL HENDERSON,1004626,4209,1002752,DANA GREEN
100169745,Kimberley Ashlee Catering - Terrene,1001993,ANDY SMITH,4058,Andy Smith,40.433706,-80.004724,DAN SCHER,1003808,BILL HENDERSON,1004626,4209,1002752,DANA GREEN
722572579,Sonora Mexican Grill Waverly,1003551,DAVE JENKINS,4191,Dave Jenkins,39.126759,-82.985658,CJ MORRIS,1151728,BILL HENDERSON,1004626,4209,1002752,DANA GREEN
100269310,BUBBA'S IRWIN,1154783,ANGEL IVOCK,4483,Angel Ivock,40.323479,-79.700467,BILLY BLATT,1128843,BILL HENDERSON,1004626,4209,1002752,DANA GREEN
718250013,BUFFALO BILL'S ROADHOUSE,1156224,AMANDA HILL,4671,Amanda Hill,40.586221,-79.754076,BILLY BLATT,1128843,BILL HENDERSON,1004626,4209,1002752,DANA GREEN
722602242,Rochester Hotel,1152307,KRISTEN STEWART,4054,Kristen Stewart,40.700995,-80.284115,BILLY BLATT,1128843,BILL HENDERSON,1004626,4209,1002752,DANA GREEN
722624956,Cuddys Soul Food,1148746,JEREMY NEIDERHISER,4052,Jeremy Neiderhiser,40.473048,-79.958716,BILLY BLATT,1128843,BILL HENDERSON,1004626,4209,1002752,DANA GREEN
100165279,L & R CUSTOM CATERING,1012245,TOM HERN,4195,Tom Hern,38.446886,-81.957752,CJ MORRIS,1151728,BILL HENDERSON,1004626,4209,1002752,DANA GREEN
100079476,SMOKIN JOES SALOON,1001993,ANDY SMITH,4058,Andy Smith,40.428639,-79.977503,DAN SCHER,1003808,BILL HENDERSON,1004626,4209,1002752,DANA GREEN
100059185,DAVIS PLACE,1012245,TOM HERN,4195,Tom Hern,38.414619,-82.44403,CJ MORRIS,1151728,BILL HENDERSON,1004626,4209,1002752,DANA GREEN
722603188,Bistro to Go - Cold Cater,1148746,JEREMY NEIDERHISER,4052,Jeremy Neiderhiser,40.45336,-80.000998,BILLY BLATT,1128843,BILL HENDERSON,1004626,4209,1002752,DANA GREEN
722534796,Levee House Bistro,1002320,JASON BAUER,3942,Jason Bauer,39.410577,-81.451753,CJ MORRIS,1151728,BILL HENDERSON,1004626,4209,1002752,DANA GREEN
722491992,Seafood Tango Restaurant and Bar,1144442,BRIAN MERWIN,4213,Brian Merwin,40.21407,-80.19366,DAN SCHER,1003808,BILL HENDERSON,1004626,4209,1002752,DANA GREEN
722360107,Maloney's Pub,1009205,BRIAN MARSHALL,4199,Brian Marshall,38.280317,-80.850918,CJ MORRIS,1151728,BILL HENDERSON,1004626,4209,1002752,DANA GREEN
722561250,Sonis,1139233,TOM MICCO,4051,Tom Micco,41.051685,-80.356976,BILLY BLATT,1128843,BILL HENDERSON,1004626,4209,1002752,DANA GREEN
722504869,The Bunker,1002320,JASON BAUER,3942,Jason Bauer,39.385931,-81.666824,CJ MORRIS,1151728,BILL HENDERSON,1004626,4209,1002752,DANA GREEN
722525586,King's Buffet & Grill,1002320,JASON BAUER,3942,Jason Bauer,39.275025,-81.556646,CJ MORRIS,1151728,BILL HENDERSON,1004626,4209,1002752,DANA GREEN
100171981,EMMA KAUFMANN CAMP,1144442,BRIAN MERWIN,4213,Brian Merwin,39.700663,-79.872027,DAN SCHER,1003808,BILL HENDERSON,1004626,4209,1002752,DANA GREEN
487580015,GUYAN GOLF & COUNTRY CLUB,1012245,TOM HERN,4195,Tom Hern,38.410074,-82.332365,CJ MORRIS,1151728,BILL HENDERSON,1004626,4209,1002752,DANA GREEN
722615761,Paesano's Cafe,1144442,BRIAN MERWIN,4213,Brian Merwin,39.845069,-79.899472,DAN SCHER,1003808,BILL HENDERSON,1004626,4209,1002752,DANA GREEN
722632507,Undo's West,1161026,SHANNON HOWLEY,4059,Shannon Howley,40.074931,-80.863825,DAN SCHER,1003808,BILL HENDERSON,1004626,4209,1002752,DANA GREEN
100114699,OISHII BENTO,1148746,JEREMY NEIDERHISER,4052,Jeremy Neiderhiser,40.442179,-79.957646,BILLY BLATT,1128843,BILL HENDERSON,1004626,4209,1002752,DANA GREEN
722392704,R & G's SmokeShack,1001993,ANDY SMITH,4058,Andy Smith,40.451548,-80.223382,DAN SCHER,1003808,BILL HENDERSON,1004626,4209,1002752,DANA GREEN
722621156,48 Donley,1005492,JOSH GEE,4007,Josh Gee,39.625574,-79.962681,DAN SCHER,1003808,BILL HENDERSON,1004626,4209,1002752,DANA GREEN
100187010,SHAFFER'S DRIVE-IN,1012245,TOM HERN,4195,Tom Hern,38.433736,-82.137296,CJ MORRIS,1151728,BILL HENDERSON,1004626,4209,1002752,DANA GREEN
449320018,DJ'S 50'S & 60'S DINER,1005492,JOSH GEE,4007,Josh Gee,39.447978,-80.164842,DAN SCHER,1003808,BILL HENDERSON,1004626,4209,1002752,DANA GREEN
100012990,DOBI CATERING,1156224,AMANDA HILL,4671,Amanda Hill,40.599276,-79.609688,BILLY BLATT,1128843,BILL HENDERSON,1004626,4209,1002752,DANA GREEN
722582724,Ebbies Craft Kitchen and Catering,1132417,MIKE PERRUCCI,4214,Mike Perrucci,40.443289,-79.770168,BILLY BLATT,1128843,BILL HENDERSON,1004626,4209,1002752,DANA GREEN
100039969,MAIETTA'S ITALIAN RESTAURANT,1001993,ANDY SMITH,4058,Andy Smith,40.415792,-79.98712,DAN SCHER,1003808,BILL HENDERSON,1004626,4209,1002752,DANA GREEN
722515090,Buddy's All American BBQ,1012245,TOM HERN,4195,Tom Hern,38.423812,-82.433051,CJ MORRIS,1151728,BILL HENDERSON,1004626,4209,1002752,DANA GREEN
715680001,Hibachi Japanese Steak House,1127280,TYLER KNECHT,4216,Tyler Knecht,38.33626,-81.713058,CJ MORRIS,1151728,BILL HENDERSON,1004626,4209,1002752,DANA GREEN
722544041,Al's Cafe,1152891,LEANDRA JONES,4331,Leandra Jones,40.313039,-80.066405,DAN SCHER,1003808,BILL HENDERSON,1004626,4209,1002752,DANA GREEN
100072495,Z Pub & Diner,1152307,KRISTEN STEWART,4054,Kristen Stewart,40.772835,-80.373724,BILLY BLATT,1128843,BILL HENDERSON,1004626,4209,1002752,DANA GREEN
100115533,SPRINGFIELD GRILLE ADAMS,1139233,TOM MICCO,4051,Tom Micco,40.697465,-80.039765,BILLY BLATT,1128843,BILL HENDERSON,1004626,4209,1002752,DANA GREEN
722542438,Penn Brewery Airport,1156224,AMANDA HILL,4671,Amanda Hill,40.496062,-80.256524,BILLY BLATT,1128843,BILL HENDERSON,1004626,4209,1002752,DANA GREEN
722520173,The Georgetown Centre,1152891,LEANDRA JONES,4331,Leandra Jones,40.328436,-79.947186,DAN SCHER,1003808,BILL HENDERSON,1004626,4209,1002752,DANA GREEN
722510958,Charleston Tennis Club,1144127,AARON SIMMONS,4187,Aaron Simmons,38.332251,-81.655104,CJ MORRIS,1151728,BILL HENDERSON,1004626,4209,1002752,DANA GREEN
354980029,McClure's GP,1127280,TYLER KNECHT,4216,Tyler Knecht,38.843231,-82.249923,CJ MORRIS,1151728,BILL HENDERSON,1004626,4209,1002752,DANA GREEN
722529648,Woodsfield Diner,1002320,JASON BAUER,3942,Jason Bauer,39.760804,-81.116901,CJ MORRIS,1151728,BILL HENDERSON,1004626,4209,1002752,DANA GREEN
100275233,PENN FISH & CHICKEN,1148746,JEREMY NEIDERHISER,4052,Jeremy Neiderhiser,40.441807,-79.879292,BILLY BLATT,1128843,BILL HENDERSON,1004626,4209,1002752,DANA GREEN
100013028,VILLA (THE),1156224,AMANDA HILL,4671,Amanda Hill,40.756828,-79.573654,BILLY BLATT,1128843,BILL HENDERSON,1004626,4209,1002752,DANA GREEN
722614003,Maggie's Farm Distillery,1152891,LEANDRA JONES,4331,Leandra Jones,40.356056,-80.09208,DAN SCHER,1003808,BILL HENDERSON,1004626,4209,1002752,DANA GREEN
722414566,LUNA AZTECA,1154783,ANGEL IVOCK,4483,Angel Ivock,40.325876,-78.951419,BILLY BLATT,1128843,BILL HENDERSON,1004626,4209,1002752,DANA GREEN
100047645,OTB BICYCLE CAFE- SOUTHSIDE,1001993,ANDY SMITH,4058,Andy Smith,40.427552,-79.968943,DAN SCHER,1003808,BILL HENDERSON,1004626,4209,1002752,DANA GREEN
722397120,RIVIERA PIZZA,1127280,TYLER KNECHT,4216,Tyler Knecht,39.548904,-81.789504,CJ MORRIS,1151728,BILL HENDERSON,1004626,4209,1002752,DANA GREEN
722616299,Bake Shop Bakes,1140956,MICHAEL HUBER,4212,Michael Huber,40.671022,-78.240718,BILLY BLATT,1128843,BILL HENDERSON,1004626,4209,1002752,DANA GREEN
722556094,Spins Bowl Pittsburgh,1139082,DAN GAGE,4006,Dan Gage,40.364304,-79.908137,DAN SCHER,1003808,BILL HENDERSON,1004626,4209,1002752,DANA GREEN
651080001,QUICKSILVER GOLF CLUB,1144442,BRIAN MERWIN,4213,Brian Merwin,40.391985,-80.287204,DAN SCHER,1003808,BILL HENDERSON,1004626,4209,1002752,DANA GREEN
722411329,BLENNERHASSETT HOTEL,1002320,JASON BAUER,3942,Jason Bauer,39.26473,-81.56229,CJ MORRIS,1151728,BILL HENDERSON,1004626,4209,1002752,DANA GREEN
722594172,The Eatery At Kiln To Table,1139082,DAN GAGE,4006,Dan Gage,39.892744,-80.19007,DAN SCHER,1003808,BILL HENDERSON,1004626,4209,1002752,DANA GREEN
722616989,Market Street Cafe Portsmouth,1003551,DAVE JENKINS,4191,Dave Jenkins,38.732169,-83.002926,CJ MORRIS,1151728,BILL HENDERSON,1004626,4209,1002752,DANA GREEN
722634823,LJ's Hoagie King,1161026,SHANNON HOWLEY,4059,Shannon Howley,40.042565,-80.725214,DAN SCHER,1003808,BILL HENDERSON,1004626,4209,1002752,DANA GREEN
100170259,DAD'S PUB & GRUB,1132417,MIKE PERRUCCI,4214,Mike Perrucci,40.434188,-79.750973,BILLY BLATT,1128843,BILL HENDERSON,1004626,4209,1002752,DANA GREEN
100144977,COLONIAL GRILLE,1132417,MIKE PERRUCCI,4214,Mike Perrucci,40.332572,-79.710599,BILLY BLATT,1128843,BILL HENDERSON,1004626,4209,1002752,DANA GREEN
100198207,BUBBA'S GOURMET BURGERS BEER SOUTHPOINTE,1132417,MIKE PERRUCCI,4214,Mike Perrucci,40.277378,-80.162082,BILLY BLATT,1128843,BILL HENDERSON,1004626,4209,1002752,DANA GREEN
722589711,Hangover BBQ,1161026,SHANNON HOWLEY,4059,Shannon Howley,40.12612,-80.63898,DAN SCHER,1003808,BILL HENDERSON,1004626,4209,1002752,DANA GREEN
722337622,St Joseph Cafe,1002320,JASON BAUER,3942,Jason Bauer,39.277621,-81.5521,CJ MORRIS,1151728,BILL HENDERSON,1004626,4209,1002752,DANA GREEN
722641803,Dellantinas,1156224,AMANDA HILL,4671,Amanda Hill,40.810967,-79.516553,BILLY BLATT,1128843,BILL HENDERSON,1004626,4209,1002752,DANA GREEN
722592646,Central Dog House Diner,1139082,DAN GAGE,4006,Dan Gage,40.2725,-79.837858,DAN SCHER,1003808,BILL HENDERSON,1004626,4209,1002752,DANA GREEN
100198484,WITTEN FARM MARKET,1002320,JASON BAUER,3942,Jason Bauer,39.908357,-82.900828,CJ MORRIS,1151728,BILL HENDERSON,1004626,4209,1002752,DANA GREEN
890800001,TASTE OF INDIA,1148746,JEREMY NEIDERHISER,4052,Jeremy Neiderhiser,40.465882,-79.953644,BILLY BLATT,1128843,BILL HENDERSON,1004626,4209,1002752,DANA GREEN
722512290,Hook Fish & Chicken McKees,1148746,JEREMY NEIDERHISER,4052,Jeremy Neiderhiser,40.472438,-80.073246,BILLY BLATT,1128843,BILL HENDERSON,1004626,4209,1002752,DANA GREEN
722404654,CAFE APPALACHIA,1127280,TYLER KNECHT,4216,Tyler Knecht,38.364614,-81.693495,CJ MORRIS,1151728,BILL HENDERSON,1004626,4209,1002752,DANA GREEN
100112730,BASILS SPORTS BAR & GRILL,1161026,SHANNON HOWLEY,4059,Shannon Howley,40.391058,-80.593294,DAN SCHER,1003808,BILL HENDERSON,1004626,4209,1002752,DANA GREEN
722605699,Buenos Amigos,1002320,JASON BAUER,3942,Jason Bauer,39.762345,-81.115178,CJ MORRIS,1151728,BILL HENDERSON,1004626,4209,1002752,DANA GREEN
278320003,AUSTYN'S,1002320,JASON BAUER,3942,Jason Bauer,39.411298,-81.452612,CJ MORRIS,1151728,BILL HENDERSON,1004626,4209,1002752,DANA GREEN
722515685,Fife Street Brewing,1144127,AARON SIMMONS,4187,Aaron Simmons,38.351299,-81.634656,CJ MORRIS,1151728,BILL HENDERSON,1004626,4209,1002752,DANA GREEN
722505837,DT Prime,1144127,AARON SIMMONS,4187,Aaron Simmons,38.350026,-81.635041,CJ MORRIS,1151728,BILL HENDERSON,1004626,4209,1002752,DANA GREEN
722582277,Mama Randazzo's,1140956,MICHAEL HUBER,4212,Michael Huber,40.537796,-78.397916,BILLY BLATT,1128843,BILL HENDERSON,1004626,4209,1002752,DANA GREEN
722519404,Pit Take BBQ,1154783,ANGEL IVOCK,4483,Angel Ivock,40.313804,-79.548268,BILLY BLATT,1128843,BILL HENDERSON,1004626,4209,1002752,DANA GREEN
722503661,Pittsburg Zoo & PPG Aquarium,1156224,AMANDA HILL,4671,Amanda Hill,40.481449,-79.918885,BILLY BLATT,1128843,BILL HENDERSON,1004626,4209,1002752,DANA GREEN
722590888,Tastyland,1132417,MIKE PERRUCCI,4214,Mike Perrucci,40.346313,-79.573126,BILLY BLATT,1128843,BILL HENDERSON,1004626,4209,1002752,DANA GREEN
722621154,The Nook,1001993,ANDY SMITH,4058,Andy Smith,40.467116,-79.964175,DAN SCHER,1003808,BILL HENDERSON,1004626,4209,1002752,DANA GREEN
722628728,21 Pool Room,1144127,AARON SIMMONS,4187,Aaron Simmons,38.416668,-81.669927,CJ MORRIS,1151728,BILL HENDERSON,1004626,4209,1002752,DANA GREEN
722637474,Bugsys Pizza And Wings,1156224,AMANDA HILL,4671,Amanda Hill,40.813074,-79.518551,BILLY BLATT,1128843,BILL HENDERSON,1004626,4209,1002752,DANA GREEN
100210218,COUNTRY KITCHEN,1139233,TOM MICCO,4051,Tom Micco,40.784361,-79.930102,BILLY BLATT,1128843,BILL HENDERSON,1004626,4209,1002752,DANA GREEN
100222302,MOONLITE DRIVE-IN THEATRE,1139233,TOM MICCO,4051,Tom Micco,41.168319,-79.113154,BILLY BLATT,1128843,BILL HENDERSON,1004626,4209,1002752,DANA GREEN
100078409,OUR LITTLE SECRET CAFE & CATERING,1001993,ANDY SMITH,4058,Andy Smith,40.336454,-79.977512,DAN SCHER,1003808,BILL HENDERSON,1004626,4209,1002752,DANA GREEN
100137442,"19TH STREET MEAT MARKET, LLC",1002320,JASON BAUER,3942,Jason Bauer,39.272179,-81.535632,CJ MORRIS,1151728,BILL HENDERSON,1004626,4209,1002752,DANA GREEN
100251841,V&V SCRATCH KITCHEN,1001993,ANDY SMITH,4058,Andy Smith,40.266056,-80.00288,DAN SCHER,1003808,BILL HENDERSON,1004626,4209,1002752,DANA GREEN
100140324,PLUS 1 PIZZA - CALDWELL,1002320,JASON BAUER,3942,Jason Bauer,39.740945,-81.504164,CJ MORRIS,1151728,BILL HENDERSON,1004626,4209,1002752,DANA GREEN
722635053,Pizza Masters,1152307,KRISTEN STEWART,4054,Kristen Stewart,40.59371,-80.271901,BILLY BLATT,1128843,BILL HENDERSON,1004626,4209,1002752,DANA GREEN
335640001,Allegheny Country Club,1152307,KRISTEN STEWART,4054,Kristen Stewart,40.561533,-80.164673,BILLY BLATT,1128843,BILL HENDERSON,1004626,4209,1002752,DANA GREEN
484790019,TWIN OAKS,1005492,JOSH GEE,4007,Josh Gee,39.281966,-80.266908,DAN SCHER,1003808,BILL HENDERSON,1004626,4209,1002752,DANA GREEN
722625998,Lindas Hometown Bakery,1144442,BRIAN MERWIN,4213,Brian Merwin,40.258327,-80.189978,DAN SCHER,1003808,BILL HENDERSON,1004626,4209,1002752,DANA GREEN
722363283,Blackout Burger Bar,1139233,TOM MICCO,4051,Tom Micco,41.14167,-80.160211,BILLY BLATT,1128843,BILL HENDERSON,1004626,4209,1002752,DANA GREEN
722578307,Oliverio's Catering,1005492,JOSH GEE,4007,Josh Gee,39.273057,-80.266349,DAN SCHER,1003808,BILL HENDERSON,1004626,4209,1002752,DANA GREEN
722353249,El Bandido Beckley,1009205,BRIAN MARSHALL,4199,Brian Marshall,37.790861,-81.210851,CJ MORRIS,1151728,BILL HENDERSON,1004626,4209,1002752,DANA GREEN
100040127,STONEWALL RESORT,1005492,JOSH GEE,4007,Josh Gee,38.948604,-80.493748,DAN SCHER,1003808,BILL HENDERSON,1004626,4209,1002752,DANA GREEN
722609211,51 Wings & Fish,1001993,ANDY SMITH,4058,Andy Smith,40.368072,-79.983669,DAN SCHER,1003808,BILL HENDERSON,1004626,4209,1002752,DANA GREEN
722349917,Kanawha Valley Senior Services,1144127,AARON SIMMONS,4187,Aaron Simmons,38.361548,-81.617821,CJ MORRIS,1151728,BILL HENDERSON,1004626,4209,1002752,DANA GREEN
722548436,Uptown Coffee,1152891,LEANDRA JONES,4331,Leandra Jones,40.379613,-80.04506,DAN SCHER,1003808,BILL HENDERSON,1004626,4209,1002752,DANA GREEN
722548427,Samurai Hibachi and Sushi,1144127,AARON SIMMONS,4187,Aaron Simmons,38.769049,-81.696073,CJ MORRIS,1151728,BILL HENDERSON,1004626,4209,1002752,DANA GREEN
626160002,Midway West,1012245,TOM HERN,4195,Tom Hern,38.414268,-82.462289,CJ MORRIS,1151728,BILL HENDERSON,1004626,4209,1002752,DANA GREEN
722603187,Bistro to Go - Warehouse,1148746,JEREMY NEIDERHISER,4052,Jeremy Neiderhiser,40.45336,-80.000998,BILLY BLATT,1128843,BILL HENDERSON,1004626,4209,1002752,DANA GREEN
100231528,JUG (THE),1002320,JASON BAUER,3942,Jason Bauer,39.388681,-81.230817,CJ MORRIS,1151728,BILL HENDERSON,1004626,4209,1002752,DANA GREEN
722493282,Tap-it Brewery & Grill,1154783,ANGEL IVOCK,4483,Angel Ivock,40.21262,-79.497732,BILLY BLATT,1128843,BILL HENDERSON,1004626,4209,1002752,DANA GREEN
100047148,Zuppas Delicatessen,1156224,AMANDA HILL,4671,Amanda Hill,40.616031,-80.055245,BILLY BLATT,1128843,BILL HENDERSON,1004626,4209,1002752,DANA GREEN
100015179,STEWARTS ORIG HOTDOGS-OAK ST,1127280,TYLER KNECHT,4216,Tyler Knecht,38.399287,-82.571344,CJ MORRIS,1151728,BILL HENDERSON,1004626,4209,1002752,DANA GREEN
260080001,COLD SPOT - CHARLESTON,1012245,TOM HERN,4195,Tom Hern,38.373023,-81.707623,CJ MORRIS,1151728,BILL HENDERSON,1004626,4209,1002752,DANA GREEN
722611280,East End Brewing Co,1001993,ANDY SMITH,4058,Andy Smith,40.381826,-80.044138,DAN SCHER,1003808,BILL HENDERSON,1004626,4209,1002752,DANA GREEN
722324067,Lola's Eatery,1156224,AMANDA HILL,4671,Amanda Hill,40.462245,-79.967927,BILLY BLATT,1128843,BILL HENDERSON,1004626,4209,1002752,DANA GREEN
722637510,Mario's Pizza,1001993,ANDY SMITH,4058,Andy Smith,40.417027,-80.045117,DAN SCHER,1003808,BILL HENDERSON,1004626,4209,1002752,DANA GREEN
722627263,Back To Barneys,1152307,KRISTEN STEWART,4054,Kristen Stewart,40.606433,-80.285448,BILLY BLATT,1128843,BILL HENDERSON,1004626,4209,1002752,DANA GREEN
100114870,Lightburns,1005492,JOSH GEE,4007,Josh Gee,38.948604,-80.493748,DAN SCHER,1003808,BILL HENDERSON,1004626,4209,1002752,DANA GREEN
100115497,Falls Market,1132417,MIKE PERRUCCI,4214,Mike Perrucci,39.869732,-79.49294,BILLY BLATT,1128843,BILL HENDERSON,1004626,4209,1002752,DANA GREEN
100115531,SPRINGFIELD GRILLE BOARDMAN,1139233,TOM MICCO,4051,Tom Micco,41.021018,-80.629863,BILLY BLATT,1128843,BILL HENDERSON,1004626,4209,1002752,DANA GREEN
160100003,COZUMEL,1012245,TOM HERN,4195,Tom Hern,38.34195,-81.676827,CJ MORRIS,1151728,BILL HENDERSON,1004626,4209,1002752,DANA GREEN
100160677,BRICK & MORTAR,1152891,LEANDRA JONES,4331,Leandra Jones,40.391788,-80.087687,DAN SCHER,1003808,BILL HENDERSON,1004626,4209,1002752,DANA GREEN
184070001,RICE BOWL,1012245,TOM HERN,4195,Tom Hern,38.418557,-81.792596,CJ MORRIS,1151728,BILL HENDERSON,1004626,4209,1002752,DANA GREEN
722570149,Otto's Pub & Brewery,1140956,MICHAEL HUBER,4212,Michael Huber,40.810022,-77.912202,BILLY BLATT,1128843,BILL HENDERSON,1004626,4209,1002752,DANA GREEN
722409611,COUGHLIN'S LAW KITCHEN & ALE HOUSE,1001993,ANDY SMITH,4058,Andy Smith,40.429101,-80.006567,DAN SCHER,1003808,BILL HENDERSON,1004626,4209,1002752,DANA GREEN
722345480,Tate's Supermarket,1154783,ANGEL IVOCK,4483,Angel Ivock,40.670536,-79.010123,BILLY BLATT,1128843,BILL HENDERSON,1004626,4209,1002752,DANA GREEN
722592625,Bombay To Burgh,1132417,MIKE PERRUCCI,4214,Mike Perrucci,40.423637,-79.887111,BILLY BLATT,1128843,BILL HENDERSON,1004626,4209,1002752,DANA GREEN
722550556,The Office,1005492,JOSH GEE,4007,Josh Gee,39.106629,-80.40759,DAN SCHER,1003808,BILL HENDERSON,1004626,4209,1002752,DANA GREEN
722378951,Somi,1148746,JEREMY NEIDERHISER,4052,Jeremy Neiderhiser,40.456707,-79.915526,BILLY BLATT,1128843,BILL HENDERSON,1004626,4209,1002752,DANA GREEN
722630177,Compass Pizza,1009205,BRIAN MARSHALL,4199,Brian Marshall,38.20969,-80.85075,CJ MORRIS,1151728,BILL HENDERSON,1004626,4209,1002752,DANA GREEN
722636923,Audrey's Avenue Kitchen & Bar,1161026,SHANNON HOWLEY,4059,Shannon Howley,40.080913,-80.899004,DAN SCHER,1003808,BILL HENDERSON,1004626,4209,1002752,DANA GREEN
722393879,The Clubhouse Grille 209992E,1139082,DAN GAGE,4006,Dan Gage,40.153608,-79.764822,DAN SCHER,1003808,BILL HENDERSON,1004626,4209,1002752,DANA GREEN
160720001,Shoneys of Belle,1009205,BRIAN MARSHALL,4199,Brian Marshall,38.206213,-81.504653,CJ MORRIS,1151728,BILL HENDERSON,1004626,4209,1002752,DANA GREEN
100030946,PRINCE OF INDIA,1148746,JEREMY NEIDERHISER,4052,Jeremy Neiderhiser,40.441298,-79.959037,BILLY BLATT,1128843,BILL HENDERSON,1004626,4209,1002752,DANA GREEN
722637609,Bistro 19,1152891,LEANDRA JONES,4331,Leandra Jones,40.380168,-80.044715,DAN SCHER,1003808,BILL HENDERSON,1004626,4209,1002752,DANA GREEN
997940001,SUMMIT INN,1132417,MIKE PERRUCCI,4214,Mike Perrucci,39.847461,-79.654996,BILLY BLATT,1128843,BILL HENDERSON,1004626,4209,1002752,DANA GREEN
100149291,Pittsburgh Pirates Players Clubhouse,1001993,ANDY SMITH,4058,Andy Smith,40.446855,-80.005666,DAN SCHER,1003808,BILL HENDERSON,1004626,4209,1002752,DANA GREEN
722626037,Loaded,1148746,JEREMY NEIDERHISER,4052,Jeremy Neiderhiser,40.473048,-79.958716,BILLY BLATT,1128843,BILL HENDERSON,1004626,4209,1002752,DANA GREEN
722610770,People's Indian Restaurant,1132417,MIKE PERRUCCI,4214,Mike Perrucci,40.46484,-79.941249,BILLY BLATT,1128843,BILL HENDERSON,1004626,4209,1002752,DANA GREEN
872320001,FUSION JAPANESE STEAKHOUSE,1002320,JASON BAUER,3942,Jason Bauer,39.314639,-81.553432,CJ MORRIS,1151728,BILL HENDERSON,1004626,4209,1002752,DANA GREEN
722333093,Sushi Fuku S Craig St,1148746,JEREMY NEIDERHISER,4052,Jeremy Neiderhiser,40.444832,-79.948654,BILLY BLATT,1128843,BILL HENDERSON,1004626,4209,1002752,DANA GREEN
100059392,MARIOS EAST SIDE SALOON,1001993,ANDY SMITH,4058,Andy Smith,40.450998,-79.934236,DAN SCHER,1003808,BILL HENDERSON,1004626,4209,1002752,DANA GREEN
180290001,GOLDEN GOBLET,1132417,MIKE PERRUCCI,4214,Mike Perrucci,40.444447,-79.713763,BILLY BLATT,1128843,BILL HENDERSON,1004626,4209,1002752,DANA GREEN
722527790,Paleonardos,1161026,SHANNON HOWLEY,4059,Shannon Howley,40.081605,-80.895662,DAN SCHER,1003808,BILL HENDERSON,1004626,4209,1002752,DANA GREEN
722518183,Patty's Place LLC,1002320,JASON BAUER,3942,Jason Bauer,39.777822,-81.545384,CJ MORRIS,1151728,BILL HENDERSON,1004626,4209,1002752,DANA GREEN
100171984,MARIO'S FISHBOWL,1144442,BRIAN MERWIN,4213,Brian Merwin,39.630005,-79.944105,DAN SCHER,1003808,BILL HENDERSON,1004626,4209,1002752,DANA GREEN
486350016,Black Hawk Golf Course,1152307,KRISTEN STEWART,4054,Kristen Stewart,40.761765,-80.40586,BILLY BLATT,1128843,BILL HENDERSON,1004626,4209,1002752,DANA GREEN
722321701,Riley's Pour House,1001993,ANDY SMITH,4058,Andy Smith,40.408555,-80.085098,DAN SCHER,1003808,BILL HENDERSON,1004626,4209,1002752,DANA GREEN
100275079,JR'S DONUT CASTLE,1002320,JASON BAUER,3942,Jason Bauer,39.286891,-81.535317,CJ MORRIS,1151728,BILL HENDERSON,1004626,4209,1002752,DANA GREEN
188320001,HADORN DISTRIBUTING CO,1005492,JOSH GEE,4007,Josh Gee,39.286439,-80.248078,DAN SCHER,1003808,BILL HENDERSON,1004626,4209,1002752,DANA GREEN
722583519,Mac's Brick Oven Pizza,1139233,TOM MICCO,4051,Tom Micco,40.86109,-79.894294,BILLY BLATT,1128843,BILL HENDERSON,1004626,4209,1002752,DANA GREEN
100171205,HANLON'S CATERING,1001993,ANDY SMITH,4058,Andy Smith,40.466056,-80.136662,DAN SCHER,1003808,BILL HENDERSON,1004626,4209,1002752,DANA GREEN
100116903,Urban Tap Southside,1148746,JEREMY NEIDERHISER,4052,Jeremy Neiderhiser,40.428802,-79.986314,BILLY BLATT,1128843,BILL HENDERSON,1004626,4209,1002752,DANA GREEN
125520001,PHILLIPPI'S FAMILY DINING & PIZZERIA,1156224,AMANDA HILL,4671,Amanda Hill,40.627025,-79.721154,BILLY BLATT,1128843,BILL HENDERSON,1004626,4209,1002752,DANA GREEN
100242102,Oakdale Diner,1144442,BRIAN MERWIN,4213,Brian Merwin,40.398427,-80.186102,DAN SCHER,1003808,BILL HENDERSON,1004626,4209,1002752,DANA GREEN
722603185,Bistro to Go - Cater,1148746,JEREMY NEIDERHISER,4052,Jeremy Neiderhiser,40.45336,-80.000998,BILLY BLATT,1128843,BILL HENDERSON,1004626,4209,1002752,DANA GREEN
100270881,SELBY 100 MILE HOUSE AND GARDENS,1003551,DAVE JENKINS,4191,Dave Jenkins,38.622902,-83.192162,CJ MORRIS,1151728,BILL HENDERSON,1004626,4209,1002752,DANA GREEN
384450003,FAMOUS WOK,1154783,ANGEL IVOCK,4483,Angel Ivock,40.30306,-79.508444,BILLY BLATT,1128843,BILL HENDERSON,1004626,4209,1002752,DANA GREEN
100130897,MAYWOOD GRILL,1132417,MIKE PERRUCCI,4214,Mike Perrucci,39.845143,-79.621763,BILLY BLATT,1128843,BILL HENDERSON,1004626,4209,1002752,DANA GREEN
976370001,BIRMINGHAM BRIDGE TAVERN,1001993,ANDY SMITH,4058,Andy Smith,40.424501,-79.964741,DAN SCHER,1003808,BILL HENDERSON,1004626,4209,1002752,DANA GREEN
722520854,Tequila Jalisco,1156224,AMANDA HILL,4671,Amanda Hill,40.627246,-79.941904,BILLY BLATT,1128843,BILL HENDERSON,1004626,4209,1002752,DANA GREEN
722505393,Frisch's Big Boy,1003551,DAVE JENKINS,4191,Dave Jenkins,38.536994,-82.677987,CJ MORRIS,1151728,BILL HENDERSON,1004626,4209,1002752,DANA GREEN
100076220,ARMSTRONG'S RESTAURANT,1152891,LEANDRA JONES,4331,Leandra Jones,40.357978,-80.001333,DAN SCHER,1003808,BILL HENDERSON,1004626,4209,1002752,DANA GREEN
722553587,Taps on 2nd Tavern and Grill,1140956,MICHAEL HUBER,4212,Michael Huber,40.515812,-78.376538,BILLY BLATT,1128843,BILL HENDERSON,1004626,4209,1002752,DANA GREEN
100128940,The Chop Shop,1139233,TOM MICCO,4051,Tom Micco,40.861292,-79.895312,BILLY BLATT,1128843,BILL HENDERSON,1004626,4209,1002752,DANA GREEN
722556687,Fred's Wheelersburg,1003551,DAVE JENKINS,4191,Dave Jenkins,38.727611,-82.859728,CJ MORRIS,1151728,BILL HENDERSON,1004626,4209,1002752,DANA GREEN
100207078,Apple Annie's-Morgantown,1005492,JOSH GEE,4007,Josh Gee,39.648279,-79.891182,DAN SCHER,1003808,BILL HENDERSON,1004626,4209,1002752,DANA GREEN
100111408,CATHEDRAL CAFE,1009205,BRIAN MARSHALL,4199,Brian Marshall,38.051544,-81.102016,CJ MORRIS,1151728,BILL HENDERSON,1004626,4209,1002752,DANA GREEN
100179646,BELAIR'S BISTRO & CATERING,1002320,JASON BAUER,3942,Jason Bauer,39.275693,-81.589149,CJ MORRIS,1151728,BILL HENDERSON,1004626,4209,1002752,DANA GREEN
100157990,PANHEADZ PIZZA & PATTYZ,1003551,DAVE JENKINS,4191,Dave Jenkins,38.718906,-82.857961,CJ MORRIS,1151728,BILL HENDERSON,1004626,4209,1002752,DANA GREEN
722526934,Fairyland,1161026,SHANNON HOWLEY,4059,Shannon Howley,39.957426,-81.175033,DAN SCHER,1003808,BILL HENDERSON,1004626,4209,1002752,DANA GREEN
100074100,Christopher's Eats,1012245,TOM HERN,4195,Tom Hern,38.411246,-82.336781,CJ MORRIS,1151728,BILL HENDERSON,1004626,4209,1002752,DANA GREEN
722516948,The Ohio Redwood,1002320,JASON BAUER,3942,Jason Bauer,39.279583,-81.620228,CJ MORRIS,1151728,BILL HENDERSON,1004626,4209,1002752,DANA GREEN
722513543,Cone & Shake At The Oasis,1002320,JASON BAUER,3942,Jason Bauer,39.413771,-81.438754,CJ MORRIS,1151728,BILL HENDERSON,1004626,4209,1002752,DANA GREEN
100111882,MELINI CUCINA,1003551,DAVE JENKINS,4191,Dave Jenkins,38.734861,-82.996585,CJ MORRIS,1151728,BILL HENDERSON,1004626,4209,1002752,DANA GREEN
100258113,WATERFALL CATERING,1001993,ANDY SMITH,4058,Andy Smith,40.426971,-80.134595,DAN SCHER,1003808,BILL HENDERSON,1004626,4209,1002752,DANA GREEN
722608182,Buddy's All American BBQ,1012245,TOM HERN,4195,Tom Hern,38.434843,-82.12795,CJ MORRIS,1151728,BILL HENDERSON,1004626,4209,1002752,DANA GREEN
722376774,Mill Street Merchants,1139082,DAN GAGE,4006,Dan Gage,39.898853,-79.730152,DAN SCHER,1003808,BILL HENDERSON,1004626,4209,1002752,DANA GREEN
104100015,JERRY'S CATERING SERVICE,1139082,DAN GAGE,4006,Dan Gage,39.96195,-79.876682,DAN SCHER,1003808,BILL HENDERSON,1004626,4209,1002752,DANA GREEN
100107843,EL JALISCO,1154783,ANGEL IVOCK,4483,Angel Ivock,40.27648,-78.848301,BILLY BLATT,1128843,BILL HENDERSON,1004626,4209,1002752,DANA GREEN
100115528,IRON BRIDGE INN,1139233,TOM MICCO,4051,Tom Micco,41.160555,-80.226575,BILLY BLATT,1128843,BILL HENDERSON,1004626,4209,1002752,DANA GREEN
100166305,Oak Lodge - 330730E,1154783,ANGEL IVOCK,4483,Angel Ivock,40.15967,-79.367798,BILLY BLATT,1128843,BILL HENDERSON,1004626,4209,1002752,DANA GREEN
223110029,ABBEY'S,1161026,SHANNON HOWLEY,4059,Shannon Howley,40.072367,-80.735625,DAN SCHER,1003808,BILL HENDERSON,1004626,4209,1002752,DANA GREEN
722547093,Flagship Culinary Pittsburgh,1148746,JEREMY NEIDERHISER,4052,Jeremy Neiderhiser,40.42949,-80.02059,BILLY BLATT,1128843,BILL HENDERSON,1004626,4209,1002752,DANA GREEN
100198211,BUBBA'S GOURMET BURGERS & BEER HIGHLANDS,1132417,MIKE PERRUCCI,4214,Mike Perrucci,40.053974,-80.604256,BILLY BLATT,1128843,BILL HENDERSON,1004626,4209,1002752,DANA GREEN
722402127,SPIRITAN RETREAT CENTER,1152891,LEANDRA JONES,4331,Leandra Jones,40.29416,-80.053522,DAN SCHER,1003808,BILL HENDERSON,1004626,4209,1002752,DANA GREEN
722580017,Taco Brothers,1012245,TOM HERN,4195,Tom Hern,38.51486,-82.72171,CJ MORRIS,1151728,BILL HENDERSON,1004626,4209,1002752,DANA GREEN
722632485,Alpha Tavern,1161026,SHANNON HOWLEY,4059,Shannon Howley,40.077577,-80.682736,DAN SCHER,1003808,BILL HENDERSON,1004626,4209,1002752,DANA GREEN
722539003,Oak Hill Fish And Chicken,1148746,JEREMY NEIDERHISER,4052,Jeremy Neiderhiser,40.443302,-79.969841,BILLY BLATT,1128843,BILL HENDERSON,1004626,4209,1002752,DANA GREEN
722619024,Smokin Mommas Burgers & Bbq,1012245,TOM HERN,4195,Tom Hern,38.433212,-82.144152,CJ MORRIS,1151728,BILL HENDERSON,1004626,4209,1002752,DANA GREEN
100070578,HOUSE OF WINES (THE),1002320,JASON BAUER,3942,Jason Bauer,39.463486,-81.467128,CJ MORRIS,1151728,BILL HENDERSON,1004626,4209,1002752,DANA GREEN
100276541,MOM MARUCA'S,1139082,DAN GAGE,4006,Dan Gage,39.892558,-79.7219,DAN SCHER,1003808,BILL HENDERSON,1004626,4209,1002752,DANA GREEN
722583527,Venetian Restaurant,1012245,TOM HERN,4195,Tom Hern,38.4325,-82.14776,CJ MORRIS,1151728,BILL HENDERSON,1004626,4209,1002752,DANA GREEN
100168466,PORT CITY CAFE AND PUB,1003551,DAVE JENKINS,4191,Dave Jenkins,38.73336,-82.99652,CJ MORRIS,1151728,BILL HENDERSON,1004626,4209,1002752,DANA GREEN
722361479,Leisure Lanes,1009205,BRIAN MARSHALL,4199,Brian Marshall,37.778371,-81.172838,CJ MORRIS,1151728,BILL HENDERSON,1004626,4209,1002752,DANA GREEN
722527602,Go Pita Go Hermitage,1139233,TOM MICCO,4051,Tom Micco,41.233323,-80.461064,BILLY BLATT,1128843,BILL HENDERSON,1004626,4209,1002752,DANA GREEN
722584332,Hibachi Lou,1139082,DAN GAGE,4006,Dan Gage,40.337865,-79.969073,DAN SCHER,1003808,BILL HENDERSON,1004626,4209,1002752,DANA GREEN
722524609,Crumbl Cookies Cranberry,1156224,AMANDA HILL,4671,Amanda Hill,40.685626,-80.081524,BILLY BLATT,1128843,BILL HENDERSON,1004626,4209,1002752,DANA GREEN
722324237,The Ice Plant,1139082,DAN GAGE,4006,Dan Gage,39.799623,-79.912834,DAN SCHER,1003808,BILL HENDERSON,1004626,4209,1002752,DANA GREEN
100162367,MR MIKES PUB & PIZZA,1132417,MIKE PERRUCCI,4214,Mike Perrucci,40.322766,-79.697681,BILLY BLATT,1128843,BILL HENDERSON,1004626,4209,1002752,DANA GREEN
722543374,Doce Taqueria Southside,1001993,ANDY SMITH,4058,Andy Smith,40.428721,-79.985239,DAN SCHER,1003808,BILL HENDERSON,1004626,4209,1002752,DANA GREEN
100041147,THE PURPLE ONION,1144127,AARON SIMMONS,4187,Aaron Simmons,38.352022,-81.627702,CJ MORRIS,1151728,BILL HENDERSON,1004626,4209,1002752,DANA GREEN
100112939,COFFEE AT THE LOFTS,1003551,DAVE JENKINS,4191,Dave Jenkins,38.734077,-82.995638,CJ MORRIS,1151728,BILL HENDERSON,1004626,4209,1002752,DANA GREEN
722377140,La Bodega,1148746,JEREMY NEIDERHISER,4052,Jeremy Neiderhiser,40.428779,-79.983324,BILLY BLATT,1128843,BILL HENDERSON,1004626,4209,1002752,DANA GREEN
100035370,TAMARACK,1009205,BRIAN MARSHALL,4199,Brian Marshall,37.802686,-81.214699,CJ MORRIS,1151728,BILL HENDERSON,1004626,4209,1002752,DANA GREEN
722633444,Hook Fish & Chicken North Side,1148746,JEREMY NEIDERHISER,4052,Jeremy Neiderhiser,40.456519,-80.007041,BILLY BLATT,1128843,BILL HENDERSON,1004626,4209,1002752,DANA GREEN
100057766,Neaders Diner,1002320,JASON BAUER,3942,Jason Bauer,39.417449,-81.454706,CJ MORRIS,1151728,BILL HENDERSON,1004626,4209,1002752,DANA GREEN
722567204,Cooked Goose Catering,1001993,ANDY SMITH,4058,Andy Smith,40.441283,-80.243269,DAN SCHER,1003808,BILL HENDERSON,1004626,4209,1002752,DANA GREEN
722606487,The Wine Cave At Bella Terra Vineyards,1154783,ANGEL IVOCK,4483,Angel Ivock,40.561788,-79.929753,BILLY BLATT,1128843,BILL HENDERSON,1004626,4209,1002752,DANA GREEN
722497667,Apple Annie's-Fairmont,1005492,JOSH GEE,4007,Josh Gee,39.42837,-80.186202,DAN SCHER,1003808,BILL HENDERSON,1004626,4209,1002752,DANA GREEN
100218642,PIZZA STATION,1139082,DAN GAGE,4006,Dan Gage,40.208215,-79.949048,DAN SCHER,1003808,BILL HENDERSON,1004626,4209,1002752,DANA GREEN
425440012,DORIDOS RESTAURANT,1001993,ANDY SMITH,4058,Andy Smith,40.321345,-79.995477,DAN SCHER,1003808,BILL HENDERSON,1004626,4209,1002752,DANA GREEN
100274407,San Marzano Italian Restr,1005492,JOSH GEE,4007,Josh Gee,39.653796,-79.890138,DAN SCHER,1003808,BILL HENDERSON,1004626,4209,1002752,DANA GREEN
722497497,1861 Public House,1012245,TOM HERN,4195,Tom Hern,38.408979,-82.295066,CJ MORRIS,1151728,BILL HENDERSON,1004626,4209,1002752,DANA GREEN
722614280,Salvatore's Pizza House & Bar,1132417,MIKE PERRUCCI,4214,Mike Perrucci,40.443981,-79.885827,BILLY BLATT,1128843,BILL HENDERSON,1004626,4209,1002752,DANA GREEN
722519471,The Steel Shaker,1001993,ANDY SMITH,4058,Andy Smith,40.519594,-80.167072,DAN SCHER,1003808,BILL HENDERSON,1004626,4209,1002752,DANA GREEN
100123036,"ACADEMY MANAGEMENT, LLC",1005492,JOSH GEE,4007,Josh Gee,39.450716,-80.16239,DAN SCHER,1003808,BILL HENDERSON,1004626,4209,1002752,DANA GREEN
100025575,21 AT THE FREDERICK,1012245,TOM HERN,4195,Tom Hern,38.420944,-82.44316,CJ MORRIS,1151728,BILL HENDERSON,1004626,4209,1002752,DANA GREEN
722415160,GALLO'S ITALIAN VILLA,1139233,TOM MICCO,4051,Tom Micco,41.027231,-80.353848,BILLY BLATT,1128843,BILL HENDERSON,1004626,4209,1002752,DANA GREEN
722489858,Marinos American Eatery,1154783,ANGEL IVOCK,4483,Angel Ivock,40.278435,-79.50535,BILLY BLATT,1128843,BILL HENDERSON,1004626,4209,1002752,DANA GREEN
100201854,MA AND POP'S COUNTRY KITCHEN.,1152891,LEANDRA JONES,4331,Leandra Jones,40.328157,-80.037816,DAN SCHER,1003808,BILL HENDERSON,1004626,4209,1002752,DANA GREEN
100285136,BRIDGES AND BOURBON,1148746,JEREMY NEIDERHISER,4052,Jeremy Neiderhiser,40.443996,-79.997197,BILLY BLATT,1128843,BILL HENDERSON,1004626,4209,1002752,DANA GREEN
100274392,CORLEONE'S BAR & GRILL,1139082,DAN GAGE,4006,Dan Gage,40.185486,-79.809932,DAN SCHER,1003808,BILL HENDERSON,1004626,4209,1002752,DANA GREEN
722594243,Ristorante Abruzzi,1144127,AARON SIMMONS,4187,Aaron Simmons,38.347971,-81.62521,CJ MORRIS,1151728,BILL HENDERSON,1004626,4209,1002752,DANA GREEN
100265409,OTB NORTH PARK BOATHOUSE,1001993,ANDY SMITH,4058,Andy Smith,40.604942,-80.005803,DAN SCHER,1003808,BILL HENDERSON,1004626,4209,1002752,DANA GREEN
100197402,ICHIBAN,1144127,AARON SIMMONS,4187,Aaron Simmons,38.349408,-81.635957,CJ MORRIS,1151728,BILL HENDERSON,1004626,4209,1002752,DANA GREEN
722406878,HALE HOUSE GRILL,1144127,AARON SIMMONS,4187,Aaron Simmons,38.34955,-81.633754,CJ MORRIS,1151728,BILL HENDERSON,1004626,4209,1002752,DANA GREEN
100023730,Lucky Dog Cafe,1132417,MIKE PERRUCCI,4214,Mike Perrucci,39.806184,-79.363473,BILLY BLATT,1128843,BILL HENDERSON,1004626,4209,1002752,DANA GREEN
100016239,DOUGHBOY'S PIZZA,1001993,ANDY SMITH,4058,Andy Smith,40.470887,-80.060635,DAN SCHER,1003808,BILL HENDERSON,1004626,4209,1002752,DANA GREEN
722503153,Al's Fish And Chicken- Duquesne,1148746,JEREMY NEIDERHISER,4052,Jeremy Neiderhiser,40.383931,-79.859896,BILLY BLATT,1128843,BILL HENDERSON,1004626,4209,1002752,DANA GREEN
886120001,SPRINGHOUSE (THE),1144442,BRIAN MERWIN,4213,Brian Merwin,40.18615,-80.154266,DAN SCHER,1003808,BILL HENDERSON,1004626,4209,1002752,DANA GREEN
722609912,The Standard,1152307,KRISTEN STEWART,4054,Kristen Stewart,40.710242,-80.299002,BILLY BLATT,1128843,BILL HENDERSON,1004626,4209,1002752,DANA GREEN
722376088,The Crumby Apron,1161026,SHANNON HOWLEY,4059,Shannon Howley,40.128964,-80.81393,DAN SCHER,1003808,BILL HENDERSON,1004626,4209,1002752,DANA GREEN
100020122,COOK VASCULAR CAFETERIA,1156224,AMANDA HILL,4671,Amanda Hill,40.628044,-79.583396,BILLY BLATT,1128843,BILL HENDERSON,1004626,4209,1002752,DANA GREEN
100139702,COLD SPOT - GLEN JEAN,1009205,BRIAN MARSHALL,4199,Brian Marshall,37.929438,-81.156223,CJ MORRIS,1151728,BILL HENDERSON,1004626,4209,1002752,DANA GREEN
829760001,LORI'S FAMILY RESTAURANT,1002320,JASON BAUER,3942,Jason Bauer,39.737849,-81.526249,CJ MORRIS,1151728,BILL HENDERSON,1004626,4209,1002752,DANA GREEN
354980037,McClure's MP,1127280,TYLER KNECHT,4216,Tyler Knecht,38.99593,-82.05288,CJ MORRIS,1151728,BILL HENDERSON,1004626,4209,1002752,DANA GREEN
722593099,Belle Tavern,1139082,DAN GAGE,4006,Dan Gage,40.177694,-79.805522,DAN SCHER,1003808,BILL HENDERSON,1004626,4209,1002752,DANA GREEN
722595524,The Early Bird,1127280,TYLER KNECHT,4216,Tyler Knecht,38.852045,-82.145872,CJ MORRIS,1151728,BILL HENDERSON,1004626,4209,1002752,DANA GREEN
100045535,NO 1 KITCHEN,1012245,TOM HERN,4195,Tom Hern,38.411344,-82.485939,CJ MORRIS,1151728,BILL HENDERSON,1004626,4209,1002752,DANA GREEN
722326533,BACK BAY CATERING,1144442,BRIAN MERWIN,4213,Brian Merwin,39.861942,-79.980569,DAN SCHER,1003808,BILL HENDERSON,1004626,4209,1002752,DANA GREEN
722500237,Smashed Waffles,1148746,JEREMY NEIDERHISER,4052,Jeremy Neiderhiser,40.439893,-79.959413,BILLY BLATT,1128843,BILL HENDERSON,1004626,4209,1002752,DANA GREEN
722510086,River Town Grill,1002320,JASON BAUER,3942,Jason Bauer,39.384945,-81.476467,CJ MORRIS,1151728,BILL HENDERSON,1004626,4209,1002752,DANA GREEN
100045209,GILS CAFE,1001993,ANDY SMITH,4058,Andy Smith,40.290609,-79.997237,DAN SCHER,1003808,BILL HENDERSON,1004626,4209,1002752,DANA GREEN
177650001,NAPOLI RESTAURANT & LOUNGE,1152891,LEANDRA JONES,4331,Leandra Jones,40.368418,-80.10298,DAN SCHER,1003808,BILL HENDERSON,1004626,4209,1002752,DANA GREEN
100151235,SUNSHINE CATERING,1003551,DAVE JENKINS,4191,Dave Jenkins,38.71776,-83.322414,CJ MORRIS,1151728,BILL HENDERSON,1004626,4209,1002752,DANA GREEN
722593730,Al's Tavern,1140956,MICHAEL HUBER,4212,Michael Huber,40.498804,-78.410998,BILLY BLATT,1128843,BILL HENDERSON,1004626,4209,1002752,DANA GREEN
100131433,PHO VINH LONG,1127280,TYLER KNECHT,4216,Tyler Knecht,38.367809,-81.696046,CJ MORRIS,1151728,BILL HENDERSON,1004626,4209,1002752,DANA GREEN
722370155,The Meat Guyz,1139233,TOM MICCO,4051,Tom Micco,41.005852,-80.373199,BILLY BLATT,1128843,BILL HENDERSON,1004626,4209,1002752,DANA GREEN
100021293,STOKE'S GRILL,1156224,AMANDA HILL,4671,Amanda Hill,40.521359,-80.005373,BILLY BLATT,1128843,BILL HENDERSON,1004626,4209,1002752,DANA GREEN
722601555,Greene County Career & Technology Center,1144442,BRIAN MERWIN,4213,Brian Merwin,39.893891,-80.150171,DAN SCHER,1003808,BILL HENDERSON,1004626,4209,1002752,DANA GREEN
722549055,Carters Table,1140956,MICHAEL HUBER,4212,Michael Huber,40.796956,-77.855707,BILLY BLATT,1128843,BILL HENDERSON,1004626,4209,1002752,DANA GREEN
722413073,THE BACKWOODS BAR & GRILL,1144127,AARON SIMMONS,4187,Aaron Simmons,38.54318,-81.631791,CJ MORRIS,1151728,BILL HENDERSON,1004626,4209,1002752,DANA GREEN
722357176,Mario's Fishbowl Westover,1144442,BRIAN MERWIN,4213,Brian Merwin,39.632333,-79.974842,DAN SCHER,1003808,BILL HENDERSON,1004626,4209,1002752,DANA GREEN
722521456,#188 Jerry's Run Food Mart,1127280,TYLER KNECHT,4216,Tyler Knecht,38.64504,-82.164405,CJ MORRIS,1151728,BILL HENDERSON,1004626,4209,1002752,DANA GREEN
100110770,JADEN'S CATERING,1154783,ANGEL IVOCK,4483,Angel Ivock,40.433981,-79.732164,BILLY BLATT,1128843,BILL HENDERSON,1004626,4209,1002752,DANA GREEN
100020851,OUT OF THE FIRE CAFE,1154783,ANGEL IVOCK,4483,Angel Ivock,40.100836,-79.364803,BILLY BLATT,1128843,BILL HENDERSON,1004626,4209,1002752,DANA GREEN
100117506,SPOONWOOD BREWING CO,1001993,ANDY SMITH,4058,Andy Smith,40.345007,-80.014635,DAN SCHER,1003808,BILL HENDERSON,1004626,4209,1002752,DANA GREEN
100204951,MOBOGO ASIAN CUISINE,1139233,TOM MICCO,4051,Tom Micco,41.233149,-80.481574,BILLY BLATT,1128843,BILL HENDERSON,1004626,4209,1002752,DANA GREEN
722354576,Over the Moon Pub & Pizza,1002320,JASON BAUER,3942,Jason Bauer,39.412059,-81.453373,CJ MORRIS,1151728,BILL HENDERSON,1004626,4209,1002752,DANA GREEN
100115530,RACHELS ROADHOUSE - BUTLER,1139233,TOM MICCO,4051,Tom Micco,40.878527,-79.898006,BILLY BLATT,1128843,BILL HENDERSON,1004626,4209,1002752,DANA GREEN
100233692,DAD'S PUB AND GRUB BRADDOCK HILLS,1132417,MIKE PERRUCCI,4214,Mike Perrucci,40.429307,-79.874758,BILLY BLATT,1128843,BILL HENDERSON,1004626,4209,1002752,DANA GREEN
100138123,SCAFFIDI'S RESTAURANT,1161026,SHANNON HOWLEY,4059,Shannon Howley,40.36824,-80.640936,DAN SCHER,1003808,BILL HENDERSON,1004626,4209,1002752,DANA GREEN
722607385,Tap-It Brewery and Grill Acme,1154783,ANGEL IVOCK,4483,Angel Ivock,40.118702,-79.400118,BILLY BLATT,1128843,BILL HENDERSON,1004626,4209,1002752,DANA GREEN
722347619,The Pitch LLC,1144127,AARON SIMMONS,4187,Aaron Simmons,38.379186,-81.758145,CJ MORRIS,1151728,BILL HENDERSON,1004626,4209,1002752,DANA GREEN
722534085,Al's Fish And Chicken-Center Ave,1148746,JEREMY NEIDERHISER,4052,Jeremy Neiderhiser,40.442756,-79.981781,BILLY BLATT,1128843,BILL HENDERSON,1004626,4209,1002752,DANA GREEN
722500870,Hook Fish & Chicken (Penn Hills),1148746,JEREMY NEIDERHISER,4052,Jeremy Neiderhiser,40.465282,-79.827538,BILLY BLATT,1128843,BILL HENDERSON,1004626,4209,1002752,DANA GREEN
100263588,GARDEN RESTAURANT & BAR,1001993,ANDY SMITH,4058,Andy Smith,40.345943,-80.007098,DAN SCHER,1003808,BILL HENDERSON,1004626,4209,1002752,DANA GREEN
225090002,Hank's Custard,1152307,KRISTEN STEWART,4054,Kristen Stewart,40.717182,-80.299369,BILLY BLATT,1128843,BILL HENDERSON,1004626,4209,1002752,DANA GREEN
100154909,SCRAGGLEPOP,1012245,TOM HERN,4195,Tom Hern,38.429149,-82.581516,CJ MORRIS,1151728,BILL HENDERSON,1004626,4209,1002752,DANA GREEN
100015185,STEWARTS ORIG HOTDOGS-5TH AVE,1127280,TYLER KNECHT,4216,Tyler Knecht,38.424483,-82.414049,CJ MORRIS,1151728,BILL HENDERSON,1004626,4209,1002752,DANA GREEN
100289804,THE LOOKOUT BAR & GRILL,1144127,AARON SIMMONS,4187,Aaron Simmons,38.349408,-81.635957,CJ MORRIS,1151728,BILL HENDERSON,1004626,4209,1002752,DANA GREEN
100070703,Lil Moes,1005492,JOSH GEE,4007,Josh Gee,39.152122,-80.039518,DAN SCHER,1003808,BILL HENDERSON,1004626,4209,1002752,DANA GREEN
722570024,Southern Craft Restaurant & Bar,1002320,JASON BAUER,3942,Jason Bauer,39.288186,-81.532214,CJ MORRIS,1151728,BILL HENDERSON,1004626,4209,1002752,DANA GREEN
100114957,Yaba's,1148746,JEREMY NEIDERHISER,4052,Jeremy Neiderhiser,40.438717,-79.990157,BILLY BLATT,1128843,BILL HENDERSON,1004626,4209,1002752,DANA GREEN
722398536,CALAMITY J'S,1003551,DAVE JENKINS,4191,Dave Jenkins,38.423859,-82.432782,CJ MORRIS,1151728,BILL HENDERSON,1004626,4209,1002752,DANA GREEN
100283796,MI BOYZ BAR AND GRILL,1127280,TYLER KNECHT,4216,Tyler Knecht,39.040044,-82.062203,CJ MORRIS,1151728,BILL HENDERSON,1004626,4209,1002752,DANA GREEN
722619042,Lock No.4 Coffee,1127280,TYLER KNECHT,4216,Tyler Knecht,39.546393,-81.640755,CJ MORRIS,1151728,BILL HENDERSON,1004626,4209,1002752,DANA GREEN
794360001,SUPER 8,1012245,TOM HERN,4195,Tom Hern,38.395487,-82.412935,CJ MORRIS,1151728,BILL HENDERSON,1004626,4209,1002752,DANA GREEN
722328467,Bennys on the Hill,1005492,JOSH GEE,4007,Josh Gee,39.4449,-80.23934,DAN SCHER,1003808,BILL HENDERSON,1004626,4209,1002752,DANA GREEN
100261829,ZUPPAS DELICATESSEN CRANBERRY,1156224,AMANDA HILL,4671,Amanda Hill,40.682124,-80.123735,BILLY BLATT,1128843,BILL HENDERSON,1004626,4209,1002752,DANA GREEN
100276104,EL PASO WASHINGTON,1144442,BRIAN MERWIN,4213,Brian Merwin,40.212297,-80.193246,DAN SCHER,1003808,BILL HENDERSON,1004626,4209,1002752,DANA GREEN
722380122,Mike's Beer Bar,1148746,JEREMY NEIDERHISER,4052,Jeremy Neiderhiser,40.447637,-80.003976,BILLY BLATT,1128843,BILL HENDERSON,1004626,4209,1002752,DANA GREEN
100173861,PIKE 40 (THE),1161026,SHANNON HOWLEY,4059,Shannon Howley,40.066252,-81.060218,DAN SCHER,1003808,BILL HENDERSON,1004626,4209,1002752,DANA GREEN
722521492,Gallipolis Food Mart #258,1127280,TYLER KNECHT,4216,Tyler Knecht,38.851612,-82.237398,CJ MORRIS,1151728,BILL HENDERSON,1004626,4209,1002752,DANA GREEN
722503934,Jessop Boat Club,1139082,DAN GAGE,4006,Dan Gage,39.931688,-79.935818,DAN SCHER,1003808,BILL HENDERSON,1004626,4209,1002752,DANA GREEN
722521738,The Grill On Third,1003551,DAVE JENKINS,4191,Dave Jenkins,38.423718,-82.433597,CJ MORRIS,1151728,BILL HENDERSON,1004626,4209,1002752,DANA GREEN
100076794,Da Vincis Restaurant,1002320,JASON BAUER,3942,Jason Bauer,39.405578,-81.448147,CJ MORRIS,1151728,BILL HENDERSON,1004626,4209,1002752,DANA GREEN
722588297,Leonoro's Restaurant,1144127,AARON SIMMONS,4187,Aaron Simmons,38.343201,-81.62227,CJ MORRIS,1151728,BILL HENDERSON,1004626,4209,1002752,DANA GREEN
722503230,Boathouse Bbq,1002320,JASON BAUER,3942,Jason Bauer,39.404407,-81.472642,CJ MORRIS,1151728,BILL HENDERSON,1004626,4209,1002752,DANA GREEN
722579037,Wolf's Pub,1132417,MIKE PERRUCCI,4214,Mike Perrucci,40.387135,-79.902268,BILLY BLATT,1128843,BILL HENDERSON,1004626,4209,1002752,DANA GREEN
263660001,FRED'S PIZZA EXPRESS,1003551,DAVE JENKINS,4191,Dave Jenkins,38.738665,-82.976206,CJ MORRIS,1151728,BILL HENDERSON,1004626,4209,1002752,DANA GREEN
722546016,On the Rocks Grill & Tavern,1161026,SHANNON HOWLEY,4059,Shannon Howley,39.988667,-81.161644,DAN SCHER,1003808,BILL HENDERSON,1004626,4209,1002752,DANA GREEN
722541316,Penn Brewery North Side,1156224,AMANDA HILL,4671,Amanda Hill,40.456826,-79.991411,BILLY BLATT,1128843,BILL HENDERSON,1004626,4209,1002752,DANA GREEN
722508531,Los Bajitos Mexican Restaurant & Grill,1144442,BRIAN MERWIN,4213,Brian Merwin,40.289276,-80.173908,DAN SCHER,1003808,BILL HENDERSON,1004626,4209,1002752,DANA GREEN
100279014,WOODEN NICKEL RESTAURANT,1132417,MIKE PERRUCCI,4214,Mike Perrucci,40.437279,-79.771973,BILLY BLATT,1128843,BILL HENDERSON,1004626,4209,1002752,DANA GREEN
100216743,MEA CUPPA COFFEE,1144127,AARON SIMMONS,4187,Aaron Simmons,38.360555,-81.640623,CJ MORRIS,1151728,BILL HENDERSON,1004626,4209,1002752,DANA GREEN
100144975,DISH CAFE (THE),1009205,BRIAN MARSHALL,4199,Brian Marshall,37.743736,-81.12361,CJ MORRIS,1151728,BILL HENDERSON,1004626,4209,1002752,DANA GREEN
899450001,CURT'S FAMILY RESTAURANT,1132417,MIKE PERRUCCI,4214,Mike Perrucci,39.769012,-79.474617,BILLY BLATT,1128843,BILL HENDERSON,1004626,4209,1002752,DANA GREEN
100118851,CHINA MAX,1139233,TOM MICCO,4051,Tom Micco,41.143501,-80.157901,BILLY BLATT,1128843,BILL HENDERSON,1004626,4209,1002752,DANA GREEN
100074424,NICKY'S THAI KITCHEN II - DOWNTOWN,1156224,AMANDA HILL,4671,Amanda Hill,40.443843,-79.998265,BILLY BLATT,1128843,BILL HENDERSON,1004626,4209,1002752,DANA GREEN
100115279,LOG CABIN INN,1139233,TOM MICCO,4051,Tom Micco,40.832599,-80.121604,BILLY BLATT,1128843,BILL HENDERSON,1004626,4209,1002752,DANA GREEN
722554699,Asher's At The Airport,1139082,DAN GAGE,4006,Dan Gage,39.898561,-80.132887,DAN SCHER,1003808,BILL HENDERSON,1004626,4209,1002752,DANA GREEN
100176180,EL MARIACHI,1009205,BRIAN MARSHALL,4199,Brian Marshall,37.750707,-81.133413,CJ MORRIS,1151728,BILL HENDERSON,1004626,4209,1002752,DANA GREEN
100107058,DER DOG HAUS,1002320,JASON BAUER,3942,Jason Bauer,39.268123,-81.52299,CJ MORRIS,1151728,BILL HENDERSON,1004626,4209,1002752,DANA GREEN
722620032,Lock No 4  - Parkersburg,1127280,TYLER KNECHT,4216,Tyler Knecht,39.297749,-81.547118,CJ MORRIS,1151728,BILL HENDERSON,1004626,4209,1002752,DANA GREEN
100284668,SOKOLATA,1127280,TYLER KNECHT,4216,Tyler Knecht,38.355941,-81.725839,CJ MORRIS,1151728,BILL HENDERSON,1004626,4209,1002752,DANA GREEN
722633434,Hook Fish & Chicken Mt Oliver,1148746,JEREMY NEIDERHISER,4052,Jeremy Neiderhiser,40.412556,-79.989005,BILLY BLATT,1128843,BILL HENDERSON,1004626,4209,1002752,DANA GREEN
722550013,Bella Terra Vineyards,1154783,ANGEL IVOCK,4483,Angel Ivock,40.018719,-78.501733,BILLY BLATT,1128843,BILL HENDERSON,1004626,4209,1002752,DANA GREEN
722641426,The Schoolhouse Hotel,1009205,BRIAN MARSHALL,4199,Brian Marshall,37.79816,-80.31029,CJ MORRIS,1151728,BILL HENDERSON,1004626,4209,1002752,DANA GREEN
722390376,El Rey Mexican Restaurant,1005492,JOSH GEE,4007,Josh Gee,39.265166,-80.287186,DAN SCHER,1003808,BILL HENDERSON,1004626,4209,1002752,DANA GREEN
100263973,El Bandido Oak Hill,1009205,BRIAN MARSHALL,4199,Brian Marshall,38.007106,-81.130041,CJ MORRIS,1151728,BILL HENDERSON,1004626,4209,1002752,DANA GREEN
100052314,Bigham Tavern,1001993,ANDY SMITH,4058,Andy Smith,40.432464,-80.015235,DAN SCHER,1003808,BILL HENDERSON,1004626,4209,1002752,DANA GREEN
722576060,Brookses Bar And Grill,1012245,TOM HERN,4195,Tom Hern,38.4454,-81.844816,CJ MORRIS,1151728,BILL HENDERSON,1004626,4209,1002752,DANA GREEN
722519394,Last Resort Riverfront Bar & Grill,1161026,SHANNON HOWLEY,4059,Shannon Howley,40.477611,-80.600315,DAN SCHER,1003808,BILL HENDERSON,1004626,4209,1002752,DANA GREEN
722351852,Shiloh Gastro,1001993,ANDY SMITH,4058,Andy Smith,40.431231,-80.006912,DAN SCHER,1003808,BILL HENDERSON,1004626,4209,1002752,DANA GREEN
722391707,The George Washington,1144442,BRIAN MERWIN,4213,Brian Merwin,40.169997,-80.245145,DAN SCHER,1003808,BILL HENDERSON,1004626,4209,1002752,DANA GREEN
100175086,DARBY'S PUB,1139082,DAN GAGE,4006,Dan Gage,39.89698,-79.729873,DAN SCHER,1003808,BILL HENDERSON,1004626,4209,1002752,DANA GREEN
722354720,Square Cafe,1132417,MIKE PERRUCCI,4214,Mike Perrucci,40.460269,-79.925068,BILLY BLATT,1128843,BILL HENDERSON,1004626,4209,1002752,DANA GREEN
100107315,HOLIDAY INN,1003551,DAVE JENKINS,4191,Dave Jenkins,38.731563,-82.9979,CJ MORRIS,1151728,BILL HENDERSON,1004626,4209,1002752,DANA GREEN
100066988,OSCAR'S,1003551,DAVE JENKINS,4191,Dave Jenkins,38.731563,-82.9979,CJ MORRIS,1151728,BILL HENDERSON,1004626,4209,1002752,DANA GREEN
722531369,City Kitchen,1148746,JEREMY NEIDERHISER,4052,Jeremy Neiderhiser,40.45669,-79.915501,BILLY BLATT,1128843,BILL HENDERSON,1004626,4209,1002752,DANA GREEN
722623662,Steel Kitchen,1152891,LEANDRA JONES,4331,Leandra Jones,40.470043,-80.076727,DAN SCHER,1003808,BILL HENDERSON,1004626,4209,1002752,DANA GREEN
100017074,Mario's Southside Kitchen,1001993,ANDY SMITH,4058,Andy Smith,40.428781,-79.983072,DAN SCHER,1003808,BILL HENDERSON,1004626,4209,1002752,DANA GREEN
100056532,FRANK & SHIRLEY'S RESTAURANT,1001993,ANDY SMITH,4058,Andy Smith,40.388382,-79.996662,DAN SCHER,1003808,BILL HENDERSON,1004626,4209,1002752,DANA GREEN
722487467,The Dog House Diner,1144442,BRIAN MERWIN,4213,Brian Merwin,40.185108,-80.266527,DAN SCHER,1003808,BILL HENDERSON,1004626,4209,1002752,DANA GREEN
722628922,Hook Fish And Chicken Homewood,1148746,JEREMY NEIDERHISER,4052,Jeremy Neiderhiser,40.458428,-79.90817,BILLY BLATT,1128843,BILL HENDERSON,1004626,4209,1002752,DANA GREEN
722589812,304 Inferno,1002320,JASON BAUER,3942,Jason Bauer,39.306897,-81.52591,CJ MORRIS,1151728,BILL HENDERSON,1004626,4209,1002752,DANA GREEN
100208359,Wing It,1161026,SHANNON HOWLEY,4059,Shannon Howley,40.420291,-80.572534,DAN SCHER,1003808,BILL HENDERSON,1004626,4209,1002752,DANA GREEN
722551500,Books Market,1139233,TOM MICCO,4051,Tom Micco,41.02293,-80.18629,BILLY BLATT,1128843,BILL HENDERSON,1004626,4209,1002752,DANA GREEN
100153749,"OSCAR'S BREAKFAST, BURGERS, & BREWS",1012245,TOM HERN,4195,Tom Hern,38.412962,-82.30987,CJ MORRIS,1151728,BILL HENDERSON,1004626,4209,1002752,DANA GREEN
100272150,ANCHOR HOAGIES,1132417,MIKE PERRUCCI,4214,Mike Perrucci,40.364322,-79.774389,BILLY BLATT,1128843,BILL HENDERSON,1004626,4209,1002752,DANA GREEN
100046354,SHOWCASE BBQ,1148746,JEREMY NEIDERHISER,4052,Jeremy Neiderhiser,40.458233,-79.905858,BILLY BLATT,1128843,BILL HENDERSON,1004626,4209,1002752,DANA GREEN
805880001,NAPOLI'S PIZZA,1002320,JASON BAUER,3942,Jason Bauer,39.273126,-81.569513,CJ MORRIS,1151728,BILL HENDERSON,1004626,4209,1002752,DANA GREEN
561080011,MYERS CATERING,1139082,DAN GAGE,4006,Dan Gage,39.819555,-79.75869,DAN SCHER,1003808,BILL HENDERSON,1004626,4209,1002752,DANA GREEN
722394997,Coffee Brake Meeder,1156224,AMANDA HILL,4671,Amanda Hill,40.70119,-80.10956,BILLY BLATT,1128843,BILL HENDERSON,1004626,4209,1002752,DANA GREEN
100146815,OZY'S BAR & GRILL,1139082,DAN GAGE,4006,Dan Gage,39.978732,-80.025913,DAN SCHER,1003808,BILL HENDERSON,1004626,4209,1002752,DANA GREEN
929290001,BROUGHTON VOLUNTEER FIRE DEPT,1152891,LEANDRA JONES,4331,Leandra Jones,40.321388,-79.982791,DAN SCHER,1003808,BILL HENDERSON,1004626,4209,1002752,DANA GREEN
722602956,Fish & Chicken Boss,1148746,JEREMY NEIDERHISER,4052,Jeremy Neiderhiser,40.395183,-79.986905,BILLY BLATT,1128843,BILL HENDERSON,1004626,4209,1002752,DANA GREEN
100104381,Napoli of Park Place,1152891,LEANDRA JONES,4331,Leandra Jones,40.212255,-80.193188,DAN SCHER,1003808,BILL HENDERSON,1004626,4209,1002752,DANA GREEN
993120001,BEST WESTERN GARDEN INN,1139082,DAN GAGE,4006,Dan Gage,40.131511,-79.998551,DAN SCHER,1003808,BILL HENDERSON,1004626,4209,1002752,DANA GREEN
100140759,Brickside - Bridgeport,1005492,JOSH GEE,4007,Josh Gee,39.282371,-80.277762,DAN SCHER,1003808,BILL HENDERSON,1004626,4209,1002752,DANA GREEN
722633351,Undo's Weirton,1161026,SHANNON HOWLEY,4059,Shannon Howley,40.397192,-80.549038,DAN SCHER,1003808,BILL HENDERSON,1004626,4209,1002752,DANA GREEN
722525950,The Weaver's Creamery,1139233,TOM MICCO,4051,Tom Micco,41.181775,-80.021817,BILLY BLATT,1128843,BILL HENDERSON,1004626,4209,1002752,DANA GREEN
722489331,Westwood Plaza Theatre & Cafe,1154783,ANGEL IVOCK,4483,Angel Ivock,40.323559,-78.955756,BILLY BLATT,1128843,BILL HENDERSON,1004626,4209,1002752,DANA GREEN
100062205,STONE HOUSE RESTAURANT 125929E,1132417,MIKE PERRUCCI,4214,Mike Perrucci,39.839816,-79.610307,BILLY BLATT,1128843,BILL HENDERSON,1004626,4209,1002752,DANA GREEN
722513729,202 Hometown Tacos,1148746,JEREMY NEIDERHISER,4052,Jeremy Neiderhiser,40.474018,-79.930419,BILLY BLATT,1128843,BILL HENDERSON,1004626,4209,1002752,DANA GREEN
722627328,Toma,1148746,JEREMY NEIDERHISER,4052,Jeremy Neiderhiser,40.473048,-79.958716,BILLY BLATT,1128843,BILL HENDERSON,1004626,4209,1002752,DANA GREEN
100260693,TOWN HOUSE,1002320,JASON BAUER,3942,Jason Bauer,39.4132,-81.45455,CJ MORRIS,1151728,BILL HENDERSON,1004626,4209,1002752,DANA GREEN
722493047,The Steel Plate,1139082,DAN GAGE,4006,Dan Gage,40.160568,-79.882768,DAN SCHER,1003808,BILL HENDERSON,1004626,4209,1002752,DANA GREEN
100258074,Neville Roller Drome,1001993,ANDY SMITH,4058,Andy Smith,40.508883,-80.127531,DAN SCHER,1003808,BILL HENDERSON,1004626,4209,1002752,DANA GREEN
722622676,Bella Terra Vineyards- Hunker,1154783,ANGEL IVOCK,4483,Angel Ivock,40.192934,-79.597885,BILLY BLATT,1128843,BILL HENDERSON,1004626,4209,1002752,DANA GREEN
100164336,CRH CATERING CO,1139082,DAN GAGE,4006,Dan Gage,39.964692,-79.636608,DAN SCHER,1003808,BILL HENDERSON,1004626,4209,1002752,DANA GREEN
408140013,FAIRGROUND MARKET,1139233,TOM MICCO,4051,Tom Micco,40.910348,-80.037538,BILLY BLATT,1128843,BILL HENDERSON,1004626,4209,1002752,DANA GREEN
722511209,Forbes Tavern,1148746,JEREMY NEIDERHISER,4052,Jeremy Neiderhiser,40.439964,-80.000681,BILLY BLATT,1128843,BILL HENDERSON,1004626,4209,1002752,DANA GREEN
722631969,Connellsville Elks 503,1139082,DAN GAGE,4006,Dan Gage,40.01794,-79.588102,DAN SCHER,1003808,BILL HENDERSON,1004626,4209,1002752,DANA GREEN
722605976,Bubba's Kitchen,1132417,MIKE PERRUCCI,4214,Mike Perrucci,40.197531,-79.827759,BILLY BLATT,1128843,BILL HENDERSON,1004626,4209,1002752,DANA GREEN
100283743,BRADDOCK INN 125931E,1132417,MIKE PERRUCCI,4214,Mike Perrucci,39.830876,-79.599607,BILLY BLATT,1128843,BILL HENDERSON,1004626,4209,1002752,DANA GREEN
722596274,The Colony,1127280,TYLER KNECHT,4216,Tyler Knecht,38.808273,-82.204942,CJ MORRIS,1151728,BILL HENDERSON,1004626,4209,1002752,DANA GREEN
722370463,El Rio,1009205,BRIAN MARSHALL,4199,Brian Marshall,38.014121,-81.125167,CJ MORRIS,1151728,BILL HENDERSON,1004626,4209,1002752,DANA GREEN
722617169,33 On Mac,1140956,MICHAEL HUBER,4212,Michael Huber,40.504405,-78.404798,BILLY BLATT,1128843,BILL HENDERSON,1004626,4209,1002752,DANA GREEN
722552857,West Tenampa Mexican Restaurant,1012245,TOM HERN,4195,Tom Hern,38.4094,-82.478352,CJ MORRIS,1151728,BILL HENDERSON,1004626,4209,1002752,DANA GREEN
286200001,PASTA TOO,1152891,LEANDRA JONES,4331,Leandra Jones,40.33083,-80.02233,DAN SCHER,1003808,BILL HENDERSON,1004626,4209,1002752,DANA GREEN
722503928,Domenico's On Grand,1139082,DAN GAGE,4006,Dan Gage,40.146375,-79.884167,DAN SCHER,1003808,BILL HENDERSON,1004626,4209,1002752,DANA GREEN
722488041,Steel Mill Saloon,1001993,ANDY SMITH,4058,Andy Smith,40.438238,-80.019234,DAN SCHER,1003808,BILL HENDERSON,1004626,4209,1002752,DANA GREEN
995830001,ROWDY BBQ,1001993,ANDY SMITH,4058,Andy Smith,40.369211,-79.98308,DAN SCHER,1003808,BILL HENDERSON,1004626,4209,1002752,DANA GREEN
100195315,PITTSBURGH BARBECUE COMPANY,1152891,LEANDRA JONES,4331,Leandra Jones,40.421144,-80.030353,DAN SCHER,1003808,BILL HENDERSON,1004626,4209,1002752,DANA GREEN
100151117,RAIL YARD,1152891,LEANDRA JONES,4331,Leandra Jones,40.358692,-80.109889,DAN SCHER,1003808,BILL HENDERSON,1004626,4209,1002752,DANA GREEN
722320282,Ollie's Barbeque,1003551,DAVE JENKINS,4191,Dave Jenkins,38.744481,-82.993297,CJ MORRIS,1151728,BILL HENDERSON,1004626,4209,1002752,DANA GREEN
722522993,D's Six Packs & Dogs,1132417,MIKE PERRUCCI,4214,Mike Perrucci,40.425312,-79.670575,BILLY BLATT,1128843,BILL HENDERSON,1004626,4209,1002752,DANA GREEN
722380965,Arrowhead Bike Farm,1009205,BRIAN MARSHALL,4199,Brian Marshall,38.040623,-81.080543,CJ MORRIS,1151728,BILL HENDERSON,1004626,4209,1002752,DANA GREEN
722534305,Zooky's Sports Tavern,1152307,KRISTEN STEWART,4054,Kristen Stewart,40.723205,-80.321608,BILLY BLATT,1128843,BILL HENDERSON,1004626,4209,1002752,DANA GREEN
722327955,Bombshells Burgers & BBQ,1012245,TOM HERN,4195,Tom Hern,38.389545,-82.454486,CJ MORRIS,1151728,BILL HENDERSON,1004626,4209,1002752,DANA GREEN
722384266,The Getaway,1001993,ANDY SMITH,4058,Andy Smith,40.383975,-80.015811,DAN SCHER,1003808,BILL HENDERSON,1004626,4209,1002752,DANA GREEN
722592260,Firehouse Lounge,1152307,KRISTEN STEWART,4054,Kristen Stewart,40.595845,-80.23064,BILLY BLATT,1128843,BILL HENDERSON,1004626,4209,1002752,DANA GREEN
722552489,Gabbys 152 Tortilla Street,1012245,TOM HERN,4195,Tom Hern,38.32973,-82.451618,CJ MORRIS,1151728,BILL HENDERSON,1004626,4209,1002752,DANA GREEN
722616194,Level 20,1152891,LEANDRA JONES,4331,Leandra Jones,40.336965,-80.023632,DAN SCHER,1003808,BILL HENDERSON,1004626,4209,1002752,DANA GREEN
722546760,Fatboys Saloon,1139233,TOM MICCO,4051,Tom Micco,41.703879,-80.282229,BILLY BLATT,1128843,BILL HENDERSON,1004626,4209,1002752,DANA GREEN
100148985,FORTY BAR & GRILLE,1144442,BRIAN MERWIN,4213,Brian Merwin,40.152516,-80.309464,DAN SCHER,1003808,BILL HENDERSON,1004626,4209,1002752,DANA GREEN
722385225,White Water Adventurers,1132417,MIKE PERRUCCI,4214,Mike Perrucci,39.867559,-79.493701,BILLY BLATT,1128843,BILL HENDERSON,1004626,4209,1002752,DANA GREEN
100057546,ACE ADVENTURE RESORT,1009205,BRIAN MARSHALL,4199,Brian Marshall,37.973148,-81.097547,CJ MORRIS,1151728,BILL HENDERSON,1004626,4209,1002752,DANA GREEN
722568594,Los Gingos Tacos,1152307,KRISTEN STEWART,4054,Kristen Stewart,40.709423,-80.29948,BILLY BLATT,1128843,BILL HENDERSON,1004626,4209,1002752,DANA GREEN
722325510,Sip Wine and Whiskey Bar,1012245,TOM HERN,4195,Tom Hern,38.423746,-82.441042,CJ MORRIS,1151728,BILL HENDERSON,1004626,4209,1002752,DANA GREEN
100137695,CABOOSE (THE),1005492,JOSH GEE,4007,Josh Gee,39.279188,-80.322318,DAN SCHER,1003808,BILL HENDERSON,1004626,4209,1002752,DANA GREEN
722639418,The White Bear,1161026,SHANNON HOWLEY,4059,Shannon Howley,40.445161,-80.87378,DAN SCHER,1003808,BILL HENDERSON,1004626,4209,1002752,DANA GREEN
100142112,RUBIS PIZZA & GRILL,1002320,JASON BAUER,3942,Jason Bauer,39.264595,-81.538249,CJ MORRIS,1151728,BILL HENDERSON,1004626,4209,1002752,DANA GREEN
100056493,ADELPHIA SPORTS BAR & GRILLE,1144127,AARON SIMMONS,4187,Aaron Simmons,38.35024,-81.634434,CJ MORRIS,1151728,BILL HENDERSON,1004626,4209,1002752,DANA GREEN
722618531,Masala House Indian Bistro,1144442,BRIAN MERWIN,4213,Brian Merwin,40.172275,-80.247333,DAN SCHER,1003808,BILL HENDERSON,1004626,4209,1002752,DANA GREEN
722548130,Scoop Dogg Dairy Bar,1003551,DAVE JENKINS,4191,Dave Jenkins,38.617331,-82.842721,CJ MORRIS,1151728,BILL HENDERSON,1004626,4209,1002752,DANA GREEN